,distance,times,f_bl,lat,lon,mag,summ
2433,0.0000506,0.000000456,0.0000000000231,53.791,161.594,5.535,-10.6371302184944
2280,0.00313580329266976,0.0000000326,0.000000000102,53.885,161.699,5.11,-9.99084355689924
2110,0.00436292797623179,0.0000000292,0.000000000127,52.132,159.529,5.8,-9.89511118631988
1707,0.013712478743257,0.000000011,0.00000000015,55.124,162.458,4.94,-9.82257983345236
2358,0.00273817308388378,0.0000000917,0.000000000251,53.972,161.909,6.1,-9.60006275827831
214,0.0556844668046741,0.00000000454,0.000000000253,51.1589,160.8833,5.195,-9.59749530494399
2251,0.0317114830482056,0.00000000836,0.000000000265,53.926,161.791,5.025,-9.5766533859943
2463,0.11558228967385,0.00000000268,0.000000000309,53.918,161.922,5.11,-9.50975944256056
1638,0.0244247453363654,0.000000013,0.000000000318,52.871,160.105,5.8,-9.49690719576013
310,0.15378666256672,0.00000000228,0.00000000035,54.6432,163.1002,5.11,-9.45548711457039
1956,0.0472881259614526,0.00000000744,0.000000000352,52.631,160.214,6.4,-9.45373343762045
1242,0.141444230856007,0.00000000261,0.000000000369,52.99,159.794,5.6,-9.43297033964985
1099,0.219522351928413,0.00000000172,0.000000000377,52.34,160.065,6.1,-9.42313865453914
1693,0.0255609217930165,0.0000000149,0.000000000381,52.293,159.61,5.025,-9.41855638302586
2695,0.115471912133068,0.00000000358,0.000000000414,53.991,159.264,5.195,-9.38332845457423
1067,0.00194137704037013,0.000000223,0.000000000433,52.174,160.345,4.855,-9.36337176887301
1074,0.0162794996535406,0.000000029,0.000000000472,52.355,160.006,5.28,-9.3258879972542
565,0.043926318473375,0.0000000108,0.000000000476,55.3439,164.5099,6.1,-9.32210132052104
1088,0.0126206001828325,0.0000000399,0.000000000504,52.2,160.304,4.77,-9.29744536637578
2111,0.0130973373829966,0.0000000428,0.000000000561,52.132,159.529,5.8,-9.25133968818619
2435,0.399314957320673,0.00000000141,0.000000000563,53.955,161.474,5.28,-9.24946549348347
2217,0.424953676868747,0.00000000151,0.000000000643,53.922,161.776,5.2,-9.19148289878843
2441,0.00627477460050898,0.000000108,0.000000000681,53.792,161.596,5.705,-9.16705793615706
2397,0.0849312095899271,0.00000000826,0.000000000701,53.734,161.57,5.8,-9.15408377235486
1100,0.0770178622950265,0.00000000925,0.000000000712,52.218,160.181,5.195,-9.14735882865771
2700,0.0215568995331302,0.0000000333,0.000000000719,53.974,159.296,5.3,-9.14334427535563
1944,1.35570086324336,0.000000000582,0.000000000788,52.549,160.563,4.77,-9.10328272336621
2176,0.272275266119224,0.00000000291,0.000000000794,52.348,159.578,5.535,-9.10043542369883
2257,0.0294152562744153,0.0000000274,0.000000000806,55.257,161.954,4.77,-9.09373910375382
1086,0.0433250917304222,0.0000000186,0.000000000807,52.26,160.22,5.28,-9.09309828367351
2424,0.0254134701879023,0.0000000326,0.000000000829,53.748,161.732,5.025,-9.08145718596964
1064,0.0278988939311124,0.0000000309,0.000000000862,52.17,160.288,4.77,-9.06437011310489
2302,0.953472453768466,0.000000000914,0.000000000871,54.658,162.882,6.2,-9.05995090074707
1711,0.0602565239370432,0.0000000155,0.000000000932,55.161,162.592,4.855,-9.03052565618556
1712,0.000289063314446848,0.00000328,0.000000000947,55.029,162.609,4.855,-9.02378863177149
1149,0.033190275163764,0.0000000289,0.000000000958,50.958,157.408,6.5,-9.01858646167054
2431,0.187179783229139,0.00000000518,0.00000000097,54,161.64,4.94,-9.01314036781445
2444,0.0368345430349124,0.0000000265,0.000000000976,54.12,161.438,5.025,-9.01072198318051
2508,0.182642411846981,0.00000000537,0.000000000981,54.005,161.411,5.195,-9.00837096780623
1090,0.00780256814072694,0.00000013,0.00000000101,52.245,160.279,5.11,-8.99465368432451
1714,0.00569779446266857,0.000000188,0.00000000107,55.028,162.613,4.77,-8.96954134454652
2285,0.00397321140293467,0.00000028,0.00000000111,53.841,161.771,5.4,-8.9540550346766
1083,0.0261924088912721,0.0000000445,0.00000000117,52.33,160.12,5.025,-8.93350966291842
1103,0.0945974973696477,0.000000013,0.00000000123,52.319,160.308,5.195,-8.91118011113463
814,0.00596809175006811,0.000000209,0.00000000125,56.212,164.3444,4.855,-8.90323456631486
1043,0.110869487829367,0.0000000117,0.0000000013,52.319,160.315,5.62,-8.88548765049252
1960,0.000291358504086399,0.00000473,0.00000000138,52.591,160.324,6.5,-8.86060582596392
2479,0.0200264520752827,0.0000000718,0.00000000144,53.857,161.618,5.11,-8.8419731791173
1098,0.00376000480955053,0.000000412,0.00000000155,52.346,160.077,4.94,-8.80990719919186
2448,0.00424441148616908,0.000000369,0.00000000157,53.955,161.474,5.28,-8.80490917501738
2437,0.0032113399698848,0.000000491,0.00000000158,53.748,161.732,5.025,-8.80215962742582
1087,0.0778381407937443,0.0000000209,0.00000000163,52.245,160.279,5.11,-8.78771923434371
1094,0.0268794005723783,0.0000000608,0.00000000164,52.26,160.281,5.28,-8.78640221177815
1049,0.0485558430936408,0.0000000367,0.00000000178,52.338,160.199,5.4,-8.74944422385974
66,0.00270968452691818,0.000000665,0.0000000018,52.8622,160.1796,5.45,-8.74441834821515
2390,0.202633961302864,0.00000000894,0.00000000181,53.875,161.488,4.94,-8.74202324807763
1080,0.262829557277525,0.00000000695,0.00000000183,52.308,160.066,5.28,-8.73831123678261
1430,0.0745665983444084,0.0000000247,0.00000000184,51.584,159.277,4.855,-8.73436470143228
1482,0.0739436717746138,0.000000025,0.00000000185,51.764,159.321,4.77,-8.73389496595217
1096,0.0441846625825887,0.0000000419,0.00000000185,52.277,160.18,5.28,-8.73277342057514
1275,0.0896907554389029,0.0000000209,0.00000000188,52.753,160.743,5.2,-8.72646661667055
65,0.207791303817436,0.00000000926,0.00000000192,53.0144,160.0188,5.365,-8.71569082926318
1114,0.00693079834452772,0.000000291,0.00000000201,52.247,160.338,5.025,-8.69595599708373
1102,0.000350611174585021,0.0000059,0.00000000207,52.319,160.315,5.62,-8.68428013987601
1319,0.0120795456211556,0.000000172,0.00000000207,52.498,159.843,6.3,-8.68329842742329
2414,0.0155247170601574,0.000000135,0.00000000209,53.957,161.416,5.025,-8.67991001887774
2498,0.00108756538273766,0.00000195,0.00000000213,53.965,161.486,4.94,-8.67245956398796
2411,0.0143662942365298,0.000000149,0.00000000214,54.031,161.862,4.77,-8.67010211347789
1065,0.0485975581567107,0.0000000441,0.00000000214,52.192,160.301,4.855,-8.66858920014441
2656,0.346785743364719,0.00000000636,0.0000000022,51.583,159.272,5.365,-8.65671805860892
2401,0.00171529048998097,0.00000132,0.00000000226,53.938,161.438,4.77,-8.64597048210346
1318,0.0187385590625852,0.000000121,0.00000000226,52.495,159.888,5.4,-8.64521671457212
953,0.101909488563323,0.000000023,0.00000000234,54.7112,161.4104,4.77,-8.63027676851099
566,0.0394330508266507,0.0000000603,0.00000000238,55.3439,164.5099,6.1,-8.62414069516878
2170,0.0202957763175781,0.000000119,0.00000000241,52.196,159.674,5.025,-8.61853542746085
2513,0.687289909554113,0.0000000036,0.00000000247,54.139,161.506,5.365,-8.60665594839988
2427,0.028958429392812,0.0000000859,0.00000000249,53.977,161.848,5.11,-8.60408394252698
2407,0.578864516026384,0.00000000439,0.00000000254,54.094,161.76,5.025,-8.59513129664508
2434,0.551204698404329,0.00000000462,0.00000000255,53.792,161.596,5.705,-8.59413118804738
1036,0.0183379118827048,0.000000144,0.00000000265,52.345,160.239,4.855,-8.57682478112513
1101,0.140168659233293,0.000000019,0.00000000266,52.34,160.065,6.1,-8.57434717225713
532,0.310294747730229,0.0000000086,0.00000000267,53.5014,161.6387,4.855,-8.57383490841449
583,0.684556990002035,0.00000000394,0.0000000027,54.8872,164.4482,5.025,-8.56854922077492
215,0.00945112284241822,0.000000287,0.00000000271,51.1555,160.9504,5.195,-8.56658014827563
1133,0.159029108857107,0.0000000173,0.00000000275,50.059,157.268,5.535,-8.56133891532179
2484,0.194926184944094,0.0000000142,0.00000000277,54.994,162.056,4.94,-8.55826380070301
2440,0.102931403830951,0.000000028,0.00000000288,54.84,162.826,4.94,-8.54015099866607
2355,0.00223549143107387,0.00000129,0.00000000289,53.98,161.92,5.535,-8.53864110291697
2466,0.726881110868206,0.00000000414,0.00000000301,54.094,161.878,5.45,-8.52192344601002
2518,0.0983546232958595,0.0000000317,0.00000000312,55.299,162.523,4.94,-8.50586605168436
369,0.453484714446638,0.00000000713,0.00000000323,56.3217,164.3414,5.025,-8.4901616829631
1769,0.188132829266478,0.0000000175,0.0000000033,52.398,159.514,4.94,-8.48159525539822
2509,0.0361045737829421,0.0000000951,0.00000000343,54.435,162.337,5.28,-8.46407918895685
1483,0.155925825140639,0.0000000222,0.00000000347,51.79,159.276,4.94,-8.45993919143179
1033,0.0468919769270037,0.0000000742,0.00000000348,52.281,160.072,6.1,-8.45845303617784
2659,0.00466223425238186,0.000000782,0.00000000364,51.544,159.584,5.535,-8.43834657668292
1042,0.806493019271183,0.00000000456,0.00000000368,52.319,160.315,5.62,-8.43470481957636
2443,0.00688907182643798,0.000000538,0.00000000371,53.977,161.848,5.11,-8.43098795516114
1092,0.105763591442907,0.0000000353,0.00000000373,52.26,160.281,5.28,-8.42818279565167
2515,0.155182899299746,0.0000000241,0.00000000374,53.979,161.564,5.195,-8.42763272165146
1690,0.0182301420089859,0.000000211,0.00000000384,52.315,159.563,5.6,-8.41517176060066
115,0.131856839802635,0.0000000292,0.00000000385,56.2361,163.8025,5.11,-8.41447072417099
2514,0.113455973354758,0.000000034,0.00000000385,54.439,162.276,5.62,-8.41409913877734
1073,0.272332738801796,0.0000000142,0.00000000387,52.355,160.006,5.28,-8.4121381199908
2532,0.138993205177434,0.0000000289,0.00000000402,55.221,162.619,5.5,-8.39592430818868
2290,0.125100522819544,0.0000000327,0.0000000041,53.878,161.328,5.28,-8.38761174684216
2521,0.00827469603680869,0.000000496,0.00000000411,55.378,162.383,4.94,-8.38652163936649
2378,0.000659166365277811,0.00000647,0.00000000426,53.85,161.96,5.28,-8.37019705504524
1814,0.115141269912477,0.0000000384,0.00000000443,52.207,160.716,5.6,-8.35399364273133
2417,0.775606465548936,0.00000000578,0.00000000449,53.897,161.856,5.025,-8.34809813725643
1909,0.163723688128507,0.0000000283,0.00000000463,51.49,159.453,5.195,-8.33454342933917
2250,1.24852873474134,0.00000000374,0.00000000466,54.068,161.624,4.94,-8.33120337421353
2457,0.588181494833759,0.00000000806,0.00000000474,54.452,162.115,5.195,-8.32419726945483
1045,0.0089244525129845,0.000000533,0.00000000475,52.354,160.515,5.11,-8.32307627668632
588,0.0938541962259776,0.0000000514,0.00000000483,54.9206,164.5792,5.195,-8.3163111194874
1030,0.197879431399136,0.0000000247,0.00000000488,52.215,160.138,5.025,-8.31132220280747
2490,0.307593858778839,0.000000016,0.00000000491,53.775,161.525,5.195,-8.30919225281972
2391,0.0456849937690824,0.00000011,0.00000000501,53.938,161.438,4.77,-8.30000199006618
1085,0.331965204582814,0.0000000151,0.00000000502,52.296,160.361,5.025,-8.29887482949155
2410,0.00295699860113474,0.00000174,0.00000000515,53.965,161.416,4.855,-8.2879092486697
2408,0.0540991126870886,0.0000000965,0.00000000522,53.881,161.761,5.45,-8.28217510846345
2394,0.460330114382474,0.0000000114,0.00000000526,53.987,161.717,4.77,-8.27872916693493
2234,0.0860162766463553,0.0000000615,0.00000000529,53.939,161.798,4.94,-8.2768071615711
2126,0.133660607408466,0.0000000415,0.00000000554,51.751,159.616,4.855,-8.25622272394468
2436,0.414201838903252,0.0000000134,0.00000000557,53.955,161.474,5.28,-8.25423509343863
2445,0.037070566859547,0.000000151,0.00000000559,54.84,162.826,4.94,-8.25264851888986
1081,0.0603556345148662,0.0000000926,0.00000000559,52.21,160.45,5.365,-8.25257875603855
2332,0.348166034881708,0.0000000161,0.0000000056,53.753,161.512,4.855,-8.25171638741034
1041,0.0314887914646356,0.00000018,0.00000000567,52.289,160.332,5.195,-8.24648376483766
1428,11.4304903466966,0.000000000499,0.0000000057,51.584,159.277,4.855,-8.2439596498823
412,0.153608836119971,0.0000000378,0.00000000581,58.7985,158.9122,5.195,-8.23559798717684
1107,0.00836163370008705,0.000000696,0.00000000582,52.34,160.065,6.1,-8.23541073724789
2507,0.0235981768644005,0.000000247,0.00000000583,53.976,161.396,5.365,-8.23464943070918
2356,0.218756661497937,0.0000000271,0.00000000592,53.972,161.909,6.1,-8.22768385945118
466,0.216005877458698,0.0000000275,0.00000000594,56.1632,164.1414,5.28,-8.22621319906626
595,0.192989244597409,0.0000000308,0.00000000595,55.726,161.9608,5.365,-8.22567614979493
309,0.059743491155451,0.0000001,0.000000006,54.6786,163.1311,5.025,-8.22159267220487
1705,0.0163750287172115,0.000000375,0.00000000614,55.11,162.599,4.855,-8.21173710071888
2453,0.0484014132194204,0.000000128,0.00000000619,53.965,161.486,4.94,-8.20814256362135
2456,0.0611921669832228,0.000000102,0.00000000623,54.414,162.108,4.94,-8.20526578878714
67,0.129072715925545,0.0000000488,0.0000000063,52.8657,160.1627,5.28,-8.20044457770835
2470,0.382745393525242,0.0000000166,0.00000000634,54.683,162.42,5.11,-8.19824293698988
586,0.00228192963516844,0.00000279,0.00000000638,54.9045,164.3986,5.11,-8.19537770643889
1095,0.0251582180775938,0.000000256,0.00000000644,52.26,160.22,5.28,-8.19094912801047
419,0.144105780797294,0.0000000449,0.00000000646,55.7335,162.0796,4.94,-8.18950721432638
2631,0.0337166206779672,0.000000192,0.00000000647,51.726,159.812,6.1,-8.18881593022514
2438,0.54479567420343,0.0000000121,0.0000000066,53.752,161.746,6.4,-8.18068121316701
1713,0.296490980394599,0.0000000223,0.0000000066,55.028,162.613,4.77,-8.1806569847549
2716,0.0071048693518662,0.00000093,0.00000000661,54.103,159.374,5.28,-8.17978309425489
2109,0.0254736427561106,0.000000262,0.00000000667,52.056,159.52,6.9,-8.17580440570791
1091,0.00127748418882958,0.00000535,0.00000000684,52.346,160.063,5.7,-8.16512034809506
1828,0.00113729090212608,0.00000606,0.00000000689,52.326,160.306,5.705,-8.16173592125246
2512,0.176975861347425,0.0000000392,0.00000000694,54.056,161.508,5.365,-8.15837955332928
2486,0.463311956375545,0.0000000152,0.00000000703,54.592,161.761,4.94,-8.15322144935829
2488,0.00659023096624855,0.00000108,0.0000000071,53.922,161.581,5.195,-8.1487944544111
2471,0.0924466216584837,0.0000000774,0.00000000716,54.683,162.42,5.11,-8.14520328222782
2527,0.00456403167509674,0.00000163,0.00000000745,55.281,162.444,5.5,-8.12775703683648
2432,0.430296385306758,0.0000000174,0.00000000748,54.017,161.75,4.77,-8.12582822568042
2284,0.0624004775662457,0.000000122,0.0000000076,53.87,161.819,5.025,-8.11894818192199
2499,0.0606593316768274,0.000000127,0.00000000771,53.976,161.396,5.365,-8.1128696790473
1105,0.0993492860090545,0.0000000778,0.00000000773,52.339,160.29,5.025,-8.11162769137404
18,0.139998939676175,0.0000000553,0.00000000775,55.3848,163.0711,4.855,-8.1109663581472
1017,0.329309818017103,0.0000000235,0.00000000775,52.237,160.243,5.025,-8.11094667196218
2422,0.060225058741518,0.00000013,0.00000000786,53.785,161.692,5.195,-8.104624286768
1317,1.2921249849402,0.0000000061,0.00000000788,52.455,160.091,4.94,-8.1033831884901
1029,0.0207419452580448,0.00000038,0.00000000788,52.194,160.15,4.94,-8.10334048168665
1127,0.18460928545777,0.000000043,0.00000000794,50.158,157.515,5.28,-8.10038544337152
1070,0.667693014861602,0.000000012,0.00000000801,52.116,160.238,5.11,-8.09636198577494
2418,0.437205062189616,0.0000000184,0.00000000806,53.867,161.619,4.77,-8.09377912584794
1047,0.000734801392870476,0.000011,0.0000000081,52.368,160.485,4.77,-8.09158815807622
1034,0.201916576990713,0.0000000408,0.00000000824,52.346,160.063,5.7,-8.08417823314081
2503,5.2189675096735,0.0000000016,0.00000000835,54.66,161.794,5.195,-8.07812652985222
2657,0.557229262150879,0.0000000151,0.00000000841,51.583,159.272,5.365,-8.0752665599605
1104,0.0162747354406261,0.000000523,0.00000000851,52.319,160.308,5.195,-8.07023544956007
1071,0.308887031762157,0.0000000278,0.00000000859,52.254,160.268,5.5,-8.06611596842753
2338,0.0315651202017989,0.000000272,0.00000000859,54.915,162.686,4.94,-8.06578569347987
2416,0.0655695676199289,0.000000132,0.00000000866,53.855,161.911,5.45,-8.06252929444339
2473,0.0110618848417042,0.000000786,0.00000000869,53.965,161.486,4.94,-8.06089021472884
1824,0.112387297586074,0.0000000779,0.00000000875,52.42,160.157,5.2,-8.05784378708474
1079,1.66562322179188,0.00000000546,0.0000000091,52.21,160.45,5.365,-8.04096580885032
2452,0.266110423586155,0.0000000349,0.00000000928,53.882,161.464,4.94,-8.03247648884355
1078,0.262431437098903,0.0000000359,0.00000000941,52.214,160.321,4.94,-8.02633043793169
2511,0.188481626731079,0.000000051,0.00000000961,53.874,161.383,5.365,-8.01719002818417
577,0.254357048363899,0.000000038,0.00000000968,55.3484,164.4075,5.195,-8.01428809646455
2533,0.0178613819109929,0.000000542,0.00000000968,55.221,162.619,5.5,-8.01414059643233
267,0.0356429667436209,0.000000274,0.00000000975,52.3876,160.6757,5.11,-8.01083182202185
2519,0.233353082814717,0.0000000422,0.00000000985,55.281,162.444,5.5,-8.00673473060658
2505,0.0863126410352397,0.000000117,0.0000000101,53.929,161.375,5.28,-7.99639754462738
1106,0.00719792479065776,0.0000014,0.0000000101,52.244,160.324,5.195,-7.99556569636896
1039,0.522801819992995,0.0000000196,0.0000000103,52.289,160.332,5.195,-7.98906940779133
2171,0.0844769483713008,0.000000121,0.0000000103,52.206,159.64,5.195,-7.98879471169871
1072,0.260007033212153,0.0000000401,0.0000000104,52.343,160.14,5.025,-7.98223672136318
2467,0.00724549004887272,0.00000147,0.0000000107,53.872,161.528,4.77,-7.97204851418484
1191,0.248890824288456,0.0000000432,0.0000000107,52.785,160.543,4.855,-7.96892200707984
1013,0.0170048563968988,0.000000646,0.000000011,52.552,160.692,4.77,-7.95901377233219
2405,0.954430003348759,0.0000000115,0.000000011,53.881,161.761,5.45,-7.95830274108305
1038,0.0857120407161504,0.000000132,0.0000000113,52.328,160.256,5.45,-7.94680504259466
303,0.207349910864929,0.0000000552,0.0000000114,54.8635,163.3884,5.1,-7.9414313311301
1833,0.00394546666283754,0.00000294,0.0000000116,52.334,160.308,4.94,-7.93575693221229
2663,0.0082705730466214,0.0000014,0.0000000116,51.586,159.509,5.9,-7.93529038538168
1112,0.00184761225185983,0.00000651,0.000000012,52.251,160.346,4.855,-7.91957967530392
1082,0.0120937720037134,0.00000101,0.0000000122,52.343,160.14,5.025,-7.91459322026484
2413,0.825950351146016,0.0000000151,0.0000000124,53.791,161.594,5.535,-7.90499553913011
2426,0.00477598654753679,0.00000263,0.0000000126,54.945,162.614,4.94,-7.90026856806971
568,0.0538346055219248,0.00000024,0.0000000129,54.6327,164.1354,4.855,-7.88880503192799
2666,0.00890733922878919,0.00000147,0.0000000131,51.586,159.509,5.9,-7.88383790639213
465,0.0335294244011042,0.000000393,0.0000000132,56.134,164.1796,5.365,-7.88006617607736
2145,1.6034826019681,0.00000000829,0.0000000133,53.889,161.625,5.45,-7.87641547165275
2477,0.00511303694977316,0.00000268,0.0000000137,53.867,161.619,4.77,-7.86365799978361
2710,0.0134413410825137,0.00000103,0.0000000138,53.85,159.337,5.195,-7.85923641239837
358,0.571496734976765,0.0000000243,0.0000000139,52.2126,160.1111,5.025,-7.85808304147184
2421,0.2545831166196,0.0000000571,0.0000000145,53.928,161.545,5.195,-7.83764337926481
1062,0.620334360415429,0.0000000238,0.0000000147,52.151,160.402,4.94,-7.83143491574096
2530,0.45760858436784,0.0000000324,0.0000000148,55.247,162.513,4.77,-7.82852816501286
2572,0.00348636844410334,0.00000427,0.0000000149,52.559,158.92,5.365,-7.82764975601951
2536,0.59935306853198,0.0000000253,0.0000000152,55.314,162.49,4.77,-7.81919608883122
2446,0.0626628156951814,0.000000243,0.0000000152,53.955,161.474,5.28,-7.81735124514025
1952,0.195668124636046,0.000000078,0.0000000153,52.621,160.641,4.94,-7.81621831921215
2430,0.043661076442085,0.000000351,0.0000000153,53.974,161.677,5.025,-7.81486985884593
2531,0.220600344845662,0.000000071,0.0000000157,55.247,162.513,4.77,-7.80496091985639
1052,0.358228730657221,0.0000000447,0.000000016,52.347,160.373,4.855,-7.79562056567843
2415,0.220987720758259,0.000000073,0.0000000161,53.855,161.911,5.45,-7.79252721622603
2451,0.295652092843669,0.0000000547,0.0000000162,53.965,161.486,4.94,-7.79126520755057
2665,0.00661820573026643,0.00000246,0.0000000163,51.69,159.199,5.45,-7.78860195111385
2311,2.96522300520854,0.00000000554,0.0000000164,54.554,162.332,4.855,-7.7843747435785
2281,0.703479887846758,0.0000000234,0.0000000165,53.892,161.71,4.77,-7.78311998601746
1295,0.09520175472917,0.000000176,0.0000000168,55.123,160.378,5.1,-7.77497734131474
2482,0.162973327674947,0.000000104,0.0000000169,53.842,161.586,5.28,-7.77175814837329
1077,0.0583454079305638,0.000000291,0.000000017,52.254,160.268,5.5,-7.77072124266226
1429,2.08246441137829,0.00000000822,0.0000000171,51.584,159.277,4.855,-7.76674518142048
501,0.132610873421017,0.00000013,0.0000000173,51.5595,159.9174,4.855,-7.76276613641561
1822,0.0180407921214465,0.00000097,0.0000000175,52.326,160.306,5.705,-7.75693570564464
2465,0.0684236701622284,0.000000263,0.000000018,54.066,161.833,4.855,-7.74502319030252
2379,0.21594541837814,0.0000000836,0.000000018,54.576,162.11,5.025,-7.74352594486866
1835,0.239040210003785,0.0000000762,0.0000000182,52.387,160.511,4.77,-7.73967453986943
2673,0.00357292516499247,0.0000051,0.0000000182,51.586,159.509,5.9,-7.73915528485852
2403,0.0113781911088969,0.00000164,0.0000000187,54.053,161.476,4.855,-7.72864033173771
2660,0.0744989670421028,0.000000258,0.0000000192,51.476,159.732,5.025,-7.71701975796796
1037,0.122932757295514,0.000000158,0.0000000194,52.368,160.567,4.94,-7.7128983790403
2496,0.533610898266574,0.0000000364,0.0000000194,53.976,161.396,5.365,-7.71114479399968
2419,0.286470521038414,0.0000000691,0.0000000198,53.867,161.619,4.77,-7.70364880860082
2494,0.00748140234592187,0.00000265,0.0000000198,53.977,161.421,5.11,-7.70293750244896
1108,0.00820390051769293,0.00000243,0.0000000199,52.218,160.181,5.195,-7.70104688471236
1838,0.0015135105908149,0.0000132,0.00000002,52.253,160.398,5.4,-7.6995876673256
951,0.0102515660699743,0.00000197,0.0000000202,50.5696,157.2948,5.11,-7.69379794029651
304,0.236940137714333,0.0000000861,0.0000000204,54.8051,163.3009,5.11,-7.69025066779896
2517,0.448036972095807,0.0000000463,0.0000000207,54.841,162.035,7.8,-7.68342205792287
2152,0.562811333179308,0.0000000378,0.0000000213,56.258,163.256,4.855,-7.6720714119557
2632,0.0564652791553502,0.000000379,0.0000000214,51.726,159.812,6.1,-7.67002567439839
1277,0.0441893025860793,0.000000484,0.0000000214,52.779,160.818,5.11,-7.67000222811235
1270,0.158076961115039,0.000000136,0.0000000215,52.815,160.713,5.11,-7.66673538059157
2308,0.119076335217557,0.000000182,0.0000000217,53.934,161.713,5.28,-7.66421329389623
2495,4.95757906193381,0.00000000438,0.0000000217,53.976,161.396,5.365,-7.66341127923491
1054,0.00341848250986444,0.00000641,0.0000000219,52.291,160.482,5.11,-7.65963961104117
2425,0.0144595344592142,0.00000153,0.0000000222,53.972,161.909,6.1,-7.65441205123996
2669,0.00472370766456167,0.00000471,0.0000000222,51.688,159.226,5.025,-7.65269359001482
2346,2.84904738307486,0.00000000788,0.0000000224,54.081,162.025,5.195,-7.64896506491934
2638,0.252656521960679,0.0000000898,0.0000000227,51.693,159.806,4.94,-7.64433483735659
2398,0.00229433147975469,0.0000099,0.0000000227,53.934,161.713,5.28,-7.64376545311478
2279,0.16730695063621,0.000000136,0.0000000228,53.875,161.582,5.11,-7.64259991066236
2489,0.107301437789365,0.000000215,0.000000023,53.827,161.46,5.365,-7.63784063971795
2337,0.756018981623163,0.0000000307,0.0000000232,54.119,161.879,5.025,-7.6339673003841
1040,0.100585848694168,0.000000231,0.0000000232,52.328,160.256,5.45,-7.63376304717372
2412,0.0537062810729214,0.000000433,0.0000000233,53.734,161.57,5.8,-7.63354556293014
1011,1.38427845970572,0.0000000177,0.0000000245,52.552,160.692,4.77,-7.61096448154831
1812,0.197522455273006,0.000000124,0.0000000246,52.509,160.363,4.77,-7.60964443108333
713,0.158986682852952,0.000000155,0.0000000247,56.8372,162.8089,5.62,-7.60694317877329
2653,0.0586721906039814,0.000000432,0.0000000253,51.506,159.418,5.4,-7.59613931149454
1026,0.903045208978945,0.0000000283,0.0000000256,52.194,160.15,4.94,-7.59206933840885
1032,0.0742629890368654,0.000000345,0.0000000256,52.31,160.003,5.28,-7.59197190053293
2399,0.38540950541873,0.0000000665,0.0000000256,53.734,161.57,5.8,-7.59125872054325
2382,0.000751400837515241,0.0000347,0.000000026,55.078,162.545,5.2,-7.58426970676203
2719,0.0609113534612098,0.00000043,0.0000000262,53.86,159.229,5.11,-7.58178366054149
2227,0.0222947587398989,0.00000118,0.0000000262,53.862,161.978,5.365,-7.58091852415265
1022,0.0116183429312322,0.00000227,0.0000000264,52.297,160.506,4.855,-7.57793900517475
786,0.32058084512421,0.0000000826,0.0000000265,53.9513,158.7126,5.195,-7.57723254785478
1018,0.340458291605247,0.0000000787,0.0000000268,52.237,160.243,5.025,-7.57206789201387
1663,0.582755690784324,0.0000000461,0.0000000269,53.495,161.575,4.8,-7.57102721924954
1958,0.0353817255543397,0.000000766,0.0000000271,52.591,160.324,6.5,-7.56720378989858
2510,2.86544288873053,0.00000000946,0.0000000271,54.439,162.276,5.62,-7.56695856720943
1815,0.0468522848387529,0.000000579,0.0000000271,52.221,160.593,5.28,-7.56635875474877
2722,0.499547690156826,0.0000000547,0.0000000273,53.826,159.586,6.64,-7.56327860648739
2360,0.154414250542717,0.000000178,0.0000000275,53.972,161.909,6.1,-7.56107658365551
2376,0.398189497571156,0.0000000691,0.0000000275,53.791,161.806,4.855,-7.56063020113457
2721,0.837416205812872,0.0000000333,0.0000000279,53.826,159.586,6.64,-7.55442082848402
2336,0.00558800190194444,0.000005,0.0000000279,54.131,161.882,5.025,-7.5539397232177
2370,0.127060885492387,0.000000221,0.0000000281,53.85,161.569,4.94,-7.55129027521816
1414,0.00285023723140193,0.0000101,0.0000000289,53.771,161.13,5.025,-7.53915500679326
1729,0.249825379438736,0.000000116,0.0000000289,55.302,162.683,4.94,-7.53890999329487
1826,0.0326799817513648,0.000000891,0.0000000291,52.209,160.564,5.025,-7.53597123340178
1959,0.00167918712890437,0.0000174,0.0000000292,52.609,160.478,5.2,-7.53414668423623
2404,0.0774895970936392,0.000000384,0.0000000297,53.925,161.713,5.28,-7.52694655503188
1692,0.10961847165622,0.000000275,0.0000000302,52.231,159.65,5.4,-7.52066329500139
2652,0.25576886864139,0.00000012,0.0000000307,51.544,159.584,5.535,-7.51307539055861
319,0.096793486160432,0.000000319,0.0000000308,54.7095,163.2488,4.94,-7.51092376666125
2429,0.10109357111445,0.000000306,0.0000000309,53.928,161.545,5.195,-7.50979378435853
1093,1.346548386531,0.0000000233,0.0000000314,52.319,160.255,5.195,-7.50328120857961
2522,0.372071242194035,0.0000000845,0.0000000315,54.841,162.035,7.8,-7.50228817634776
1015,0.0714166093964961,0.000000441,0.0000000315,52.553,160.662,4.855,-7.50142890641451
2420,0.765905887814022,0.0000000414,0.0000000317,53.785,161.692,5.195,-7.49914496521502
582,0.0383365288415991,0.000000827,0.0000000317,54.9045,164.3986,5.11,-7.49868232791875
1738,1.9675002196232,0.0000000161,0.0000000318,51.466,159.288,4.94,-7.49799063103458
2374,0.0332813053038941,0.000000955,0.0000000318,54.924,162.104,5.9,-7.49762994076819
2369,11.6146527268661,0.00000000274,0.0000000318,54.689,161.46,5.6,-7.49756327891896
2153,0.106886375712289,0.000000298,0.0000000318,56.258,163.256,4.855,-7.49749949407091
2352,1.18144344772152,0.0000000272,0.0000000321,53.638,161.633,5.45,-7.49370692128953
2520,0.50232887608532,0.0000000655,0.0000000329,54.841,162.035,7.8,-7.48244557459859
2712,0.0207344212200451,0.0000016,0.0000000332,53.879,159.321,5.2,-7.47857068816014
594,0.187251461184197,0.000000178,0.0000000333,55.6985,162.0567,4.77,-7.47780097177985
838,0.0535513604301152,0.000000624,0.0000000334,53.6632,161.662,5.195,-7.47632043920524
585,0.331657715394839,0.000000101,0.0000000335,55.0005,164.4934,4.94,-7.4744438122578
1951,0.114816011868035,0.000000297,0.0000000341,52.668,160.594,5.025,-7.46698864720824
1118,0.00197900698129656,0.0000173,0.0000000341,52.246,160.316,5.195,-7.4666751817017
2475,1.56148741381265,0.0000000221,0.0000000345,54.327,160.902,5.11,-7.46232811026307
1053,0.0641356973190115,0.000000545,0.000000035,52.259,160.378,5.28,-7.45625251915372
1048,0.030584606475968,0.00000116,0.0000000354,52.328,160.256,5.45,-7.45140149761594
2715,0.00711953975858084,0.00000498,0.0000000354,54.063,159.36,5.3,-7.45067049727952
2709,0.0536193963255331,0.000000661,0.0000000354,54.083,159.313,4.855,-7.450618307494
1024,0.0537893519719991,0.000000667,0.0000000359,52.291,160.482,5.11,-7.44537450187134
2357,0.569344098794339,0.0000000631,0.0000000359,53.972,161.909,6.1,-7.4449361063589
1770,0.395052668058971,0.0000000909,0.0000000359,52.398,159.514,4.94,-7.44486852301455
2613,0.520034379260073,0.0000000693,0.0000000361,51.872,160.01,5.4,-7.44307099895723
2460,0.0689741126594074,0.000000531,0.0000000366,54.775,162.357,4.77,-7.43628969635992
1955,0.0210831257585315,0.00000174,0.0000000367,52.652,160.227,4.94,-7.4354118217204
1046,0.244067542954007,0.000000151,0.0000000368,52.394,160.294,5.9,-7.43368291633288
317,0.414823891821611,0.00000009,0.0000000373,54.7196,163.025,5.4,-7.42809914268692
2287,0.0747797148620815,0.000000508,0.000000038,53.853,161.778,5.6,-7.42004575185334
2269,0.0690439078002749,0.000000552,0.0000000381,53.673,161.571,4.855,-7.4191449529066
1900,0.0425212445175425,0.000000911,0.0000000388,52.304,160.091,5.11,-7.41171330360165
2449,0.03875216589471,0.000001,0.0000000389,54.936,162.604,4.77,-7.40962325614318
486,0.388944814683606,0.0000001,0.000000039,56.2795,163.8914,4.94,-7.40945052186554
2497,0.00790460906160179,0.00000494,0.0000000391,54.53,162.213,5.11,-7.40805230803619
1050,0.103783255835657,0.000000378,0.0000000392,52.52,160.362,6,-7.40631016347142
2354,0.40346120698154,0.0000000983,0.0000000397,54.03,161.95,5.025,-7.40162226578713
1137,0.447021026427053,0.00000009,0.0000000402,49.895,157.77,4.94,-7.39559237748981
1689,0.0684357306260348,0.00000059,0.0000000404,52.273,159.553,5.025,-7.39403580550836
2314,0.0269521839765702,0.0000015,0.0000000404,53.957,161.61,5.365,-7.39383415002531
1816,0.522073594435233,0.0000000778,0.0000000406,52.181,160.581,5.195,-7.39119913450895
1316,0.416654020948593,0.0000000977,0.0000000407,52.495,159.888,5.4,-7.39020094081223
1898,0.0368363262594708,0.00000112,0.0000000411,52.376,159.963,4.855,-7.38618137334377
1854,0.00559057548026956,0.00000741,0.0000000414,52.379,159.894,4.855,-7.38284459857837
2493,0.0499188387369052,0.000000833,0.0000000416,54.726,162.37,5.195,-7.38110860952955
1899,0.011501687901438,0.00000367,0.0000000422,52.289,160.099,4.855,-7.37471335673701
2380,0.14188864680814,0.000000298,0.0000000422,54.971,162.08,5.3,-7.37431338294981
1097,1.26961653221439,0.0000000342,0.0000000434,52.307,160.222,5.025,-7.36253731456437
1992,0.758386871769659,0.0000000579,0.0000000439,52.041,160.361,4.77,-7.35706134783261
2372,0.461970681978044,0.0000000978,0.0000000452,53.826,161.653,4.855,-7.34486464783657
2476,0.178291066179805,0.000000254,0.0000000452,53.974,161.463,4.77,-7.34459555613399
2375,0.110075530289051,0.000000415,0.0000000456,53.839,161.821,4.855,-7.3407066329802
2458,0.247834332095022,0.000000185,0.0000000459,53.947,161.437,4.855,-7.33832789208293
1027,2.01890918051767,0.0000000234,0.0000000471,52.31,160.003,5.28,-7.32656288367228
1051,0.0390689789877619,0.00000121,0.0000000472,52.319,160.315,5.62,-7.32643083255967
41,0.617731084886257,0.0000000766,0.0000000473,52.9488,160.7857,4.77,-7.32483392686599
444,0.0705621500646324,0.000000671,0.0000000473,52.1945,159.7951,4.77,-7.32468961730833
714,0.205739804943786,0.000000231,0.0000000475,56.8372,162.8089,5.62,-7.32323891062311
411,0.128189553868845,0.000000371,0.0000000476,58.7775,158.8243,4.77,-7.32267646251792
1044,0.818822866990682,0.0000000582,0.0000000477,52.394,160.294,5.9,-7.32163164139842
2621,0.0886697803033807,0.000000542,0.000000048,56.186,164.562,5.28,-7.31844470085258
2316,0.0119994577697658,0.00000404,0.0000000484,53.895,161.579,4.855,-7.31493413277945
2462,0.299126607791251,0.000000163,0.0000000487,53.752,161.746,6.4,-7.31226633779623
1957,0.368195535685201,0.000000133,0.0000000488,52.591,160.324,6.5,-7.31150845274138
2381,0.15542051201382,0.000000315,0.000000049,54.53,162.213,5.11,-7.30977119369185
2406,1.05665609172921,0.0000000465,0.0000000492,53.881,161.761,5.45,-7.30843027390597
2525,0.367698235052421,0.000000134,0.0000000492,54.841,162.035,7.8,-7.30789977153098
1113,0.00517210697548399,0.0000096,0.0000000497,52.129,160.29,4.77,-7.30407446845465
1132,0.389019373236026,0.000000129,0.0000000501,49.978,157.217,4.77,-7.30052702880499
2442,1.31296136953658,0.0000000387,0.0000000508,53.752,161.746,6.4,-7.29394776132725
1901,0.147591810393461,0.000000345,0.0000000509,52.339,160.096,5.11,-7.29363853963749
2459,3.84967618106281,0.0000000133,0.0000000514,53.989,161.335,4.77,-7.28931413076507
2402,0.256617816518306,0.000000202,0.0000000518,53.733,161.836,5.365,-7.28597915824203
19,0.0764897240353069,0.00000069,0.0000000528,55.3379,163.1218,5.535,-7.27774722782602
2516,2.12594605691728,0.0000000248,0.0000000528,54.512,162.318,5.79,-7.27764061197152
2339,0.244984668607353,0.000000216,0.0000000529,54.119,161.879,5.025,-7.27668614478427
2523,0.0302755918301581,0.00000175,0.0000000529,55.299,162.523,4.94,-7.27633602204288
2383,0.0151220811285512,0.00000353,0.0000000533,54.658,162.882,6.2,-7.2731398200466
2388,1.99678252168035,0.0000000269,0.0000000537,54.436,161.726,5.365,-7.27027310150764
2245,0.0528957611812006,0.00000103,0.0000000544,55.09,163.101,5.2,-7.26442787296666
2717,0.0264763458435945,0.00000206,0.0000000545,53.874,159.278,5.365,-7.26385015612966
2524,0.419701843371973,0.000000132,0.0000000556,54.841,162.035,7.8,-7.25499235905763
2409,0.286928328279278,0.000000194,0.0000000557,54.094,161.76,5.025,-7.2540171639023
136,0.0366147806652934,0.00000154,0.0000000563,55.3898,163.0613,5.025,-7.24922920553772
2641,2.13271441614291,0.0000000267,0.000000057,51.875,159.438,4.77,-7.24413811829732
570,0.0113146636506979,0.00000505,0.0000000572,54.5503,164.1975,4.94,-7.24288501242827
2732,0.460260458538985,0.000000125,0.0000000575,53.805,161.608,5.025,-7.24023202231576
2283,0.180144546569701,0.000000321,0.0000000579,53.885,161.699,5.11,-7.23720343188213
2439,0.0239278089990113,0.00000245,0.0000000586,54.829,162.772,5.5,-7.23184283226356
1192,0.207676925831994,0.000000284,0.0000000589,52.838,160.627,4.855,-7.22973979494684
2366,0.0243688145798646,0.00000244,0.0000000596,53.855,161.531,4.855,-7.22500518564409
2658,0.43484914730389,0.000000137,0.0000000596,51.586,159.509,5.9,-7.22497792663611
1001,0.197474898157322,0.000000302,0.0000000596,52.255,160.34,4.94,-7.22452966226493
1829,0.00614173670920163,0.00000971,0.0000000597,52.42,160.157,5.2,-7.22429842386989
2468,1.96231529731449,0.0000000306,0.00000006,53.88,161.513,4.855,-7.22195177908961
1066,0.0103057403835841,0.00000586,0.0000000604,52.328,160.256,5.45,-7.2186682433147
2504,0.0363614845536599,0.00000167,0.0000000607,54.465,162.35,5.025,-7.21673882060998
2529,0.15150174736009,0.000000404,0.0000000612,55.287,162.421,5.1,-7.21302671492079
2655,0.0400383761636938,0.00000155,0.0000000619,51.556,159.243,5.025,-7.20817906983985
2670,0.146545868236617,0.000000423,0.000000062,51.398,159.239,6.2,-7.20725988977548
1538,1.26413476526921,0.0000000498,0.000000063,52.502,160.793,4.94,-7.2008229676889
2711,0.0290512207258488,0.00000219,0.0000000635,53.85,159.337,5.195,-7.19716780888978
1150,0.0432192343200737,0.00000149,0.0000000645,50.958,157.408,6.5,-7.19040574075616
155,0.0160639794402569,0.00000402,0.0000000646,51.468,159.845,4.9,-7.18955135436799
1019,0.0502786885887952,0.00000129,0.0000000649,52.297,160.506,4.855,-7.18802601106395
1269,0.107475575047734,0.000000607,0.0000000653,52.866,160.738,5.025,-7.18540004850673
1820,0.0368447743374009,0.00000178,0.0000000655,52.253,160.398,5.4,-7.18384804624062
1190,0.365466290268705,0.000000179,0.0000000655,52.865,160.497,4.77,-7.18351971299474
1813,3.3523414501097,0.0000000197,0.000000066,52.471,160.444,5.11,-7.18071864208027
183,0.419079193576469,0.000000158,0.0000000662,55.5485,162.6418,5.365,-7.17942673140525
2455,0.0467244362043428,0.00000142,0.0000000664,54.043,161.882,5.11,-7.17758882578795
1272,0.00187100310232409,0.0000357,0.0000000668,52.834,160.684,4.855,-7.1753550283298
185,0.0171703926014775,0.0000039,0.0000000669,55.6778,162.5444,4.77,-7.17443148447106
1266,0.137916053066679,0.000000488,0.0000000673,52.779,160.659,5.3,-7.17223441785931
2347,20.5510218314901,0.00000000334,0.0000000686,54.383,162.022,4.855,-7.16384053586173
2400,0.352146903754721,0.000000199,0.00000007,53.925,161.713,5.28,-7.15469529040515
2639,0.195099571499081,0.000000361,0.0000000705,51.693,159.806,4.94,-7.15173949183057
589,0.426399660851918,0.000000168,0.0000000714,54.9206,164.5792,5.195,-7.1460152759553
2526,0.483935707291132,0.000000148,0.0000000715,54.841,162.035,7.8,-7.14587238571496
1953,0.2717655584632,0.000000264,0.0000000716,52.693,160.427,4.855,-7.14498521850208
580,0.0294441367951734,0.00000244,0.0000000718,54.9248,164.421,4.77,-7.14358926398819
487,1.13950669995924,0.0000000631,0.0000000719,56.3498,164.0102,5.025,-7.14342507884166
2353,0.0593624097945744,0.00000122,0.0000000725,53.98,161.92,5.535,-7.13970863086747
1836,0.872386921252528,0.0000000832,0.0000000726,52.335,160.438,4.94,-7.13909846903814
1075,15.1877402221687,0.0000000048,0.0000000728,52.349,160.044,5.365,-7.13762241571753
1830,0.814479227369152,0.000000091,0.0000000741,52.421,160.134,5.365,-7.13005684376775
1117,0.00729380913208047,0.0000102,0.0000000743,52.178,160.229,5.28,-7.12899251109322
1320,0.0351179438564236,0.00000212,0.0000000746,52.498,159.843,6.3,-7.12742601119753
34,1.42361722389979,0.0000000526,0.0000000749,53.1284,160.5807,4.855,-7.12535437341275
2483,0.0198928378760973,0.00000378,0.0000000753,54.971,162.08,5.3,-7.12324823162595
949,0.903912285247791,0.0000000836,0.0000000756,52.3662,160.5705,4.855,-7.12145559347199
2342,3.15399508236894,0.000000024,0.0000000757,53.873,161.742,4.77,-7.12083643877736
504,6.67453311167705,0.0000000114,0.000000076,51.3933,159.8144,4.94,-7.11934624411826
2322,0.0481533445482502,0.00000159,0.0000000765,53.91,161.569,4.94,-7.11659916687498
2534,0.245876634150019,0.000000313,0.0000000769,54.841,162.035,7.8,-7.11395956183664
2481,0.115847849347558,0.000000665,0.0000000771,54.608,162.548,4.855,-7.11316169499066
177,0.154091483862605,0.000000507,0.0000000781,55.3921,162.5773,4.77,-7.10717979038062
2528,0.450377385263897,0.000000175,0.0000000789,54.841,162.035,7.8,-7.10268192524607
2389,0.00862879966137647,0.00000921,0.0000000794,53.862,161.489,4.77,-7.09999088189812
413,0.000266594378278917,0.00029805027291471,0.0000000795,58.8012,158.8461,4.94,-7.09985948903267
2636,1.18664302753632,0.0000000674,0.00000008,51.779,159.428,4.855,-7.0971720219331
2664,0.641186721909832,0.000000125,0.0000000801,51.589,159.47,4.94,-7.09647022171219
1194,0.12400988006838,0.000000646,0.0000000802,52.846,160.413,4.855,-7.09600939084698
2282,0.432785367786233,0.000000185,0.0000000802,53.885,161.699,5.11,-7.0956540389046
2175,0.241848098866457,0.000000334,0.0000000809,52.286,159.517,4.855,-7.09227463922115
418,0.193943210468992,0.000000417,0.0000000809,55.8014,162.0873,4.94,-7.09186700610613
2506,0.0242715000465575,0.00000339,0.0000000823,54.689,161.46,5.6,-7.08448195102264
1411,0.516691590405285,0.00000016,0.0000000825,56.246,164.302,5.4,-7.08374748231421
490,0.0601292913376605,0.00000139,0.0000000836,56.1821,164.0881,6.3,-7.07769769761404
2348,4.5457981472685,0.0000000184,0.0000000838,54.081,162.025,5.195,-7.07662887390915
1056,0.0532374740076234,0.0000016,0.0000000854,52.281,160.072,6.1,-7.06840303275449
1084,0.109981978913347,0.00000078,0.0000000858,52.254,160.268,5.5,-7.06662961190525
1063,0.0200764959554809,0.00000432,0.0000000867,52.185,160.262,4.94,-7.06177349365197
1950,0.413165763996119,0.000000215,0.0000000888,52.668,160.594,5.025,-7.05139962471248
584,0.120337038098376,0.000000771,0.0000000928,55.0179,164.3949,5.11,-7.03245672669277
2714,0.0291187122231776,0.00000322,0.0000000937,53.879,159.321,5.2,-7.02814860135428
306,1.4077116109137,0.0000000667,0.0000000939,54.7005,163.5077,5.535,-7.02728197867316
2428,1.60325777751652,0.000000059,0.0000000946,53.998,161.882,4.77,-7.02409740493415
2617,3.55197895265952,0.0000000267,0.0000000948,51.488,158.951,5.025,-7.02324419099008
381,4.47693978192017,0.0000000216,0.0000000966,50.8587,157.8246,5.11,-7.01495166583882
1193,0.149479720994099,0.000000646,0.0000000966,52.865,160.497,4.77,-7.01493948491053
1837,2.39939301486938,0.0000000405,0.0000000971,52.286,160.216,4.77,-7.01286218396693
469,0.025081495716872,0.00000393,0.0000000987,56.134,164.1796,5.365,-7.00576839679085
2328,0.0225718931538931,0.00000441,0.0000000997,53.934,161.713,5.28,-7.00152094250911
1827,0.172490578574336,0.000000582,0.0000001,52.219,160.609,5.11,-6.99825335940613
587,0.441943532762774,0.000000228,0.000000101,54.8973,164.4052,4.94,-6.99725148432025
1357,0.101193480727282,0.000001,0.000000102,56.09,164.083,5.28,-6.99298045085458
569,0.206809147594963,0.000000504,0.000000104,54.607,164.1742,5.3,-6.98176692308199
2385,0.826892930455088,0.000000127,0.000000105,54.126,161.654,4.77,-6.97864191730508
1069,0.374226871612437,0.000000284,0.000000106,52.168,160.349,4.77,-6.97286707503274
705,0.0778810317888774,0.00000137,0.000000107,56.8744,162.7508,5.365,-6.97085426032046
2326,0.0649222114326505,0.00000165,0.000000107,53.878,161.55,4.94,-6.96986943172382
1000,2.37850194414677,0.0000000452,0.000000107,52.255,160.34,4.94,-6.96881972831721
230,0.675243191493214,0.00000016,0.000000108,51.0728,158.0917,4.855,-6.96727733401618
2648,0.0340244519700745,0.00000318,0.000000108,51.53,159.701,5.11,-6.96631512378217
2637,1.67221342515787,0.0000000648,0.000000108,51.632,159.531,4.77,-6.96494567410891
2321,0.0697099906773354,0.00000157,0.000000109,54.411,162.345,4.855,-6.96073605406852
1057,0.254873400519774,0.00000043,0.000000109,52.242,160.166,5.025,-6.96060062597715
2306,0.0368413913362701,0.00000301,0.000000111,53.783,161.432,4.855,-6.95564789110921
2450,6.31526452221256,0.0000000182,0.000000115,54.91,162.588,4.94,-6.9399377062876
517,1.46123175772173,0.000000079,0.000000115,50.6327,159.7876,4.77,-6.93769910221117
2222,0.275320836890909,0.00000044,0.000000121,53.897,161.84,5.025,-6.91678283912408
1941,0.0271773744163615,0.00000454,0.000000123,52.567,160.639,5.11,-6.90881388473079
2361,0.630078039468414,0.000000196,0.000000124,53.972,161.909,6.1,-6.9078807366917
2301,1.4709356790334,0.0000000871,0.000000128,54.875,162.883,5.195,-6.89219581057396
1946,0.397229128681343,0.000000323,0.000000128,52.538,160.394,5.28,-6.89111965119137
417,0.0890555429694375,0.00000144,0.000000129,55.7875,162.1698,5.025,-6.89096061689267
1832,0.411474287245666,0.000000313,0.000000129,52.421,160.134,5.365,-6.88968553487279
1709,0.104256499780588,0.00000124,0.000000129,55.029,162.609,4.855,-6.88857795815832
1954,0.426743474409002,0.000000309,0.000000132,52.769,160.444,4.855,-6.8795574534464
1129,0.198839932745042,0.000000686,0.000000136,50.005,157.408,5.365,-6.86523171876048
1035,1.092033800461,0.000000127,0.000000138,52.281,160.072,6.1,-6.85892235633609
318,3.94936588464653,0.0000000351,0.000000139,54.7095,163.2488,4.94,-6.85810484545278
2502,0.0863399755487693,0.00000166,0.000000144,54.655,161.716,4.94,-6.84257495091111
2305,0.0138871336892517,0.0000104,0.000000145,53.875,161.582,5.11,-6.83968733164359
2393,0.142967131244516,0.00000102,0.000000145,53.972,161.909,6.1,-6.83761125235422
2349,1.87031956117173,0.0000000779,0.000000146,54.081,162.025,5.195,-6.83670218627914
989,0.854726359125631,0.000000171,0.000000146,52.121,160.376,4.77,-6.83525557071052
2469,0.678596799177395,0.000000215,0.000000146,54.789,162.298,4.94,-6.83521907295134
2304,1.09299966562231,0.000000135,0.000000147,54.658,162.882,6.2,-6.83209101396871
2371,2.03196630347887,0.0000000734,0.000000149,54.829,162.772,5.5,-6.82624910170923
2350,0.645945968180306,0.000000232,0.00000015,53.742,161.728,4.855,-6.82402942630126
2163,0.285232024008597,0.000000542,0.000000154,52.894,160.343,4.94,-6.81111488758525
2218,0.116582795330079,0.00000133,0.000000155,54.01,161.645,5.025,-6.81092890848626
567,0.0864653763718562,0.00000179,0.000000155,54.6263,164.2057,4.77,-6.81046639686894
2329,0.2312009507432,0.000000675,0.000000156,53.862,161.489,4.77,-6.80674414290805
39,0.19433676362825,0.000000819,0.000000159,52.7736,160.8294,5.025,-6.79806994007805
1009,1.1459741639914,0.000000139,0.00000016,52.368,160.219,4.855,-6.79628152694314
2501,714.313515377445,0.000000000224,0.00000016,52.477,162.481,4.855,-6.79595593536429
1853,0.000721782023289222,0.000222152249365304,0.00000016,52.249,160.387,6.1,-6.7949432237098
154,0.105732078464551,0.00000152,0.00000016,51.4205,159.8541,4.855,-6.7948556683603
2626,3.80119539950153,0.0000000423,0.000000161,58.642,157.229,4.77,-6.79405240342595
2368,3.89190926869977,0.0000000413,0.000000161,54.301,161.514,5.365,-6.79397334149292
2363,0.155516457700793,0.00000104,0.000000161,53.638,161.633,5.45,-6.79279510773805
2535,0.011051225388357,0.0000147,0.000000163,55.325,162.511,4.94,-6.78902406635086
1948,0.418061428568476,0.000000391,0.000000163,52.74,160.305,4.94,-6.78673246343243
2718,0.23379898514042,0.0000007,0.000000164,54.05,159.376,5.365,-6.78591968988164
1016,0.00427718338398076,0.0000385,0.000000165,52.228,160.257,5.3,-6.783077190878
2341,0.0166705856551414,0.00000989,0.000000165,53.853,161.778,5.6,-6.78294683600927
2447,0.024553515517877,0.00000677,0.000000166,54.792,162.33,4.855,-6.77957567939528
2662,0.0629426839626394,0.00000266,0.000000168,51.544,159.584,5.535,-6.77590251197478
1068,0.944945288997591,0.000000179,0.000000169,52.307,160.254,5.365,-6.77094003040649
576,0.00617165568245711,0.0000282,0.000000174,55.3378,164.3994,4.855,-6.75924660243506
1831,1.58186533482237,0.000000111,0.000000175,52.492,160.402,4.855,-6.75636264756225
2310,0.0944419939074392,0.00000188,0.000000177,54.499,162.376,5.365,-6.75166308517107
2359,0.476489549608796,0.000000372,0.000000177,54.924,162.104,5.9,-6.75106296656959
2343,0.273448396445092,0.00000065,0.000000178,53.98,161.92,5.535,-6.74996633354368
2487,11.3306762725948,0.0000000158,0.000000179,54.487,161.751,5.195,-6.74611001311976
1267,0.0588999621807445,0.00000305,0.00000018,52.779,160.659,5.3,-6.74550612501065
1058,0.0241956666092812,0.00000749,0.000000181,52.326,160.452,5.025,-6.74190389536155
2485,0.194720986983773,0.000000944,0.000000184,54.655,161.716,4.94,-6.73576530189551
2633,0.324083033834847,0.000000569,0.000000185,51.726,159.812,6.1,-6.73398454855279
312,0.0375210934868963,0.00000495,0.000000186,54.9757,162.7401,5.195,-6.73120334280213
2296,0.110740144972643,0.00000169,0.000000187,53.727,161.417,5.11,-6.72783036678343
1014,0.686629767850048,0.000000282,0.000000194,52.29,160.715,4.94,-6.71258257851292
2454,1.63580292551582,0.000000121,0.000000198,54.609,162.163,4.94,-6.7038111668884
1265,0.150316905704709,0.00000132,0.000000198,52.834,160.684,4.855,-6.70366994628566
2224,4.00177183960451,0.0000000502,0.000000201,53.555,162.357,5.3,-6.6966805414371
2351,0.849346875663354,0.000000237,0.000000201,55.049,161.961,5.025,-6.69627044320125
2492,0.111994238300271,0.0000018,0.000000202,54.12,161.438,5.025,-6.69481808211518
2367,8.56528610171477,0.0000000236,0.000000202,53.85,161.569,4.94,-6.6938000060476
2713,0.0461554543066534,0.00000441,0.000000203,54.063,159.36,5.3,-6.69180798666702
149,0.0428489511969543,0.00000477,0.000000204,49.8895,155.2029,4.94,-6.68998762228763
479,0.00416948230280053,0.0000498,0.000000208,56.1595,163.9419,5.195,-6.68260585272518
1453,0.194040427438359,0.00000108,0.000000209,56.11,163.878,5.11,-6.67913861332386
2474,11.8493623982815,0.0000000181,0.000000215,53.974,161.463,4.77,-6.66831706136583
2320,0.106956545861049,0.00000201,0.000000215,54.131,161.882,5.025,-6.66745330506804
2386,0.852063310462492,0.000000253,0.000000216,55.074,162.54,4.855,-6.6655894424316
581,0.515202262337145,0.000000423,0.000000218,54.9045,164.3986,5.11,-6.66189244983429
2307,0.358080416552831,0.000000609,0.000000218,53.895,161.579,4.855,-6.66162915270048
561,0.609365928902514,0.000000365,0.000000222,54.7259,164.1276,4.77,-6.65306124790857
2647,0.0442537846627161,0.00000503,0.000000223,51.6,159.652,5.11,-6.65214334743955
946,1.63150295503682,0.000000139,0.000000227,52.6066,160.4933,4.94,-6.64353667363833
1435,0.0497522598910352,0.0000046,0.000000229,51.624,159.283,5.365,-6.64002662193123
500,1.97425098036847,0.000000116,0.000000229,51.5595,159.9174,4.855,-6.63975040959926
1708,0.510275569715714,0.00000045,0.00000023,55.111,162.48,4.94,-6.63850286305696
912,0.130018817077048,0.00000177,0.00000023,52.2652,159.5297,4.94,-6.63746466407916
56,1.96994058339228,0.000000118,0.000000232,52.5146,160.5963,5.195,-6.63425379752355
302,4.72974370746974,0.0000000509,0.000000241,54.9757,162.7401,5.195,-6.61833635954089
2461,5.48579656051583,0.0000000446,0.000000245,54.789,162.298,4.94,-6.61141417569913
2345,0.295758601374882,0.000000836,0.000000247,53.98,161.92,5.535,-6.60660268127608
1825,0.0130213975735656,0.0000192,0.00000025,52.221,160.593,5.28,-6.60196113376472
1703,0.133489133963975,0.00000188,0.000000251,55.346,162.414,4.77,-6.60088035054348
54,5.21207644959362,0.0000000483,0.000000252,52.7213,160.8965,4.77,-6.59921547367728
42,0.042713878885669,0.00000589,0.000000252,52.7736,160.8294,5.025,-6.59901321074359
1945,0.0978841850295124,0.0000026,0.000000254,52.562,160.463,4.94,-6.59497234184089
1710,0.488942595151214,0.00000052,0.000000254,55.066,162.661,4.855,-6.5944091459067
2720,1.53310174355532,0.000000168,0.000000258,53.9,159.251,5.11,-6.58806716417066
563,2.11665605409645,0.000000123,0.000000261,54.7983,164.0607,5.195,-6.5831525138971
2491,0.201967462301876,0.00000129,0.000000262,54.465,162.35,5.025,-6.58245937140048
1434,0.151858469159345,0.00000173,0.000000262,51.666,159.172,5.11,-6.58143747353933
2674,0.429117034096208,0.000000612,0.000000263,51.57,159.511,4.855,-6.58052769399212
70,0.196558260726512,0.00000134,0.000000263,55.6433,162.0058,5.705,-6.58046691712832
137,0.139948883902523,0.00000189,0.000000265,55.361,163.0409,5.28,-6.5767400845595
401,0.332265685927783,0.000000801,0.000000266,52.1149,159.8874,4.77,-6.57472165938096
1821,0.26209245470834,0.00000102,0.000000267,52.241,160.338,5.11,-6.57428280208731
1433,0.168954611742675,0.00000158,0.000000267,51.739,159.189,5.2,-6.57369478871517
1023,2.40878787092911,0.000000111,0.000000268,52.291,160.482,5.11,-6.57231360131119
1949,0.173958107648944,0.00000157,0.000000273,52.6,160.56,5.11,-6.56401117036545
1834,0.354165947567374,0.000000773,0.000000274,52.308,160.434,4.94,-6.56249476926492
467,0.0889761386547631,0.00000308,0.000000274,56.134,164.1796,5.365,-6.56160245006266
998,0.714151231388709,0.000000387,0.000000276,52.485,160.63,4.77,-6.55901531150691
307,0.25610660408506,0.00000108,0.000000277,54.9757,162.7401,5.195,-6.5580111436263
370,0.0921372250509198,0.00000301,0.000000277,56.2423,164.2062,4.77,-6.55699253823519
1348,0.206227218291823,0.00000139,0.000000286,53.891,161.551,4.94,-6.544107651
1819,0.0247258465843036,0.0000117,0.00000029,52.471,160.444,5.11,-6.53803396930665
985,4.4418416408773,0.0000000671,0.000000298,52.269,160.148,5.11,-6.52561284283691
2276,0.0309754366271166,0.00000967,0.0000003,53.553,161.82,4.94,-6.52350207534863
1157,0.333335541951876,0.000000899,0.0000003,54.978,161.94,4.94,-6.5233297820879
2299,0.387444920993377,0.000000784,0.000000304,53.783,161.432,4.855,-6.51731147126109
478,0.00722980038337337,0.0000423,0.000000306,56.2117,164.2719,5.535,-6.51432587421855
2365,0.32292156556583,0.000000948,0.000000306,54.792,162.33,4.855,-6.51401752339753
2278,0.0454246230413949,0.00000678,0.000000308,53.863,161.527,5.025,-6.51148578811984
2396,5.41737204416624,0.000000057,0.000000309,54.009,160.898,5.45,-6.51046956995401
1706,0.309492661059072,0.000000998,0.000000309,55.11,162.599,4.855,-6.51009562105094
2268,0.10488205191655,0.00000296,0.000000311,53.653,161.489,5.025,-6.5075421713179
126,0.193416685809458,0.00000161,0.000000312,55.3836,162.9908,4.855,-6.50653924093519
53,0.0183282270253682,0.0000172,0.000000314,52.7361,160.9233,5.025,-6.50244729714579
1116,0.033867405169788,0.00000931,0.000000315,52.21,160.45,5.365,-6.50129591727618
1327,0.00764055264496133,0.0000418,0.00000032,55.56,154.865,5.025,-6.49527246352126
488,0.385391323115226,0.000000833,0.000000321,56.1821,164.0881,6.3,-6.49349405618109
2672,0.0765923054338625,0.00000423,0.000000324,51.586,159.509,5.9,-6.48955336725182
1943,0.161950555054276,0.000002,0.000000324,52.562,160.463,4.94,-6.48910548961189
2315,0.0231266062843311,0.000014,0.000000324,53.971,161.904,5.3,-6.48884503780403
408,0.354166439668871,0.000000922,0.000000326,58.9182,158.9489,4.77,-6.48626435828738
1276,0.0849549155601531,0.00000392,0.000000333,52.753,160.743,5.2,-6.47757196616987
1905,1.68595228816495,0.000000198,0.000000333,53.653,160.447,4.77,-6.47729465815774
1028,1.82017645469203,0.000000184,0.000000334,52.31,160.003,5.28,-6.47603803583365
209,0.000943873272101,0.000354113169624348,0.000000334,52.1069,159.1186,4.77,-6.47594423310215
1076,1.30631343579477,0.00000026,0.00000034,52.254,160.268,5.5,-6.46843508454611
40,0.550094063258222,0.00000062,0.000000341,52.8334,160.8943,5.195,-6.46731355527582
1894,0.0758917250736102,0.0000045,0.000000342,53.841,160.729,4.77,-6.4662318831799
1031,0.186423939601087,0.00000184,0.000000342,52.589,160.636,5.5,-6.46548650020447
2231,0.178948195190994,0.00000193,0.000000346,54.205,161.938,4.94,-6.46099742808894
2740,0.000905248762183551,0.000382242083248036,0.000000346,53.827,160.45,5.8,-6.46089356100512
1012,1.10125011010648,0.000000315,0.000000347,52.414,160.544,4.94,-6.46018199522212
837,0.592863015464477,0.000000591,0.00000035,53.6632,161.662,5.195,-6.45564028082401
20,0.12187573975301,0.00000291,0.000000355,55.3379,163.1218,5.535,-6.4497544448803
1691,0.193805944207928,0.00000184,0.000000357,52.315,159.563,5.6,-6.44675901275268
480,0.128983314061013,0.0000028,0.000000362,56.2187,164.3027,5.7,-6.44165863785942
2706,0.0716806300043533,0.00000511,0.000000366,54.004,159.505,4.77,-6.43635723266675
2618,0.10681675478987,0.00000347,0.000000371,51.494,159.442,5.8,-6.43090303548118
213,0.00812892060422454,0.000047,0.000000382,51.1594,160.9103,5.28,-6.41793721044538
2362,1.52665362724219,0.000000251,0.000000383,53.972,161.909,6.1,-6.41637200279331
562,0.343000280389749,0.00000116,0.0000004,54.7259,164.1276,4.77,-6.39847701852361
1991,0.0689111078464367,0.00000582,0.000000401,52.078,160.379,4.855,-6.39662464690353
1560,0.267692681429365,0.00000153,0.000000408,51.773,159.262,4.855,-6.38890027165426
503,1.60941757177919,0.000000258,0.000000415,51.5891,159.8285,4.94,-6.38221842567098
2384,0.508324904072296,0.000000818,0.000000416,53.972,161.909,6.1,-6.38103150328105
399,0.601099900396843,0.000000713,0.000000428,52.1548,160.0714,4.94,-6.3682246668276
710,2.55096456136181,0.000000169,0.000000431,57.0459,162.8177,5.28,-6.365737134177
2651,0.319196323453486,0.00000136,0.000000433,51.543,159.747,5.2,-6.36321134655495
2335,1.94072502914766,0.000000224,0.000000434,54.034,161.53,4.77,-6.36213087460814
2333,0.585494820059929,0.000000747,0.000000437,53.927,161.519,4.77,-6.3590257275667
2661,0.253270850052307,0.00000174,0.000000441,51.476,159.732,5.025,-6.35545226769993
1025,0.193589245816874,0.00000228,0.000000441,52.237,160.243,5.025,-6.35525796485548
948,0.512683914702489,0.000000863,0.000000443,52.2518,160.6398,5.11,-6.35398145660076
224,9.67112954673534,0.0000000458,0.000000443,50.3821,156.7739,4.855,-6.35372036152405
468,0.181011565486436,0.00000245,0.000000444,56.2117,164.2719,5.535,-6.35235717688371
2313,8.849221242509,0.0000000505,0.000000447,54.147,162.904,5.4,-6.34969190472465
1021,0.239549934598697,0.00000187,0.000000449,52.332,159.968,5.195,-6.34788998372392
530,0.0168486648963206,0.0000268,0.000000451,53.598,161.2836,4.94,-6.3458098042416
2480,0.601832668201917,0.000000751,0.000000452,54.655,161.716,4.94,-6.34481577496741
64,0.758240688140982,0.000000599,0.000000454,52.8622,160.1796,5.45,-6.34285410493923
311,0.673049872794298,0.000000675,0.000000454,54.5818,163.0547,5.11,-6.34285146927604
1060,0.401945621122012,0.00000115,0.000000461,51.477,160.047,4.77,-6.3366149523114
269,0.47778462446432,0.000000969,0.000000463,52.4951,160.5061,5.2,-6.33448324490958
1823,0.297130480465202,0.00000157,0.000000467,52.326,160.306,5.705,-6.33049747710491
482,0.23938100045162,0.00000196,0.000000469,56.1898,164.4482,4.94,-6.32896447184386
1061,0.0406357259453237,0.0000116,0.000000472,52.178,160.382,4.855,-6.3258836658372
2252,11.9901865257112,0.0000000395,0.000000473,53.932,161.743,5.195,-6.32488929090029
945,0.0728956969672427,0.00000662,0.000000483,52.5889,160.5673,5.195,-6.31621265073281
2327,3.56939090682035,0.000000137,0.000000488,53.862,161.489,4.77,-6.31197154361371
2174,0.405100565994445,0.00000121,0.000000489,52.154,159.641,5.7,-6.31050389459536
316,1.2871564226688,0.000000381,0.000000491,54.8299,163.2234,4.77,-6.30926043844226
2500,72.1444680563073,0.00000000682,0.000000492,53.929,161.375,5.28,-6.30789173081641
2067,0.919871247687835,0.000000543,0.000000499,54.572,161.716,4.855,-6.30150362600511
2645,0.200759083550069,0.00000257,0.000000515,51.6,159.652,5.11,-6.2880015614082
2317,0.207242539904395,0.00000255,0.000000529,54.499,162.376,5.365,-6.27624599024731
1942,0.071186373650765,0.00000744,0.00000053,52.609,160.478,5.2,-6.27597652203759
2300,0.0178585170549999,0.0000298,0.000000533,54.878,162.844,5.1,-6.27367132144038
2312,3.59909270714329,0.000000148,0.000000534,54.335,162.551,4.855,-6.27248496353837
2169,0.246500556069482,0.00000217,0.000000535,52.257,159.78,5.2,-6.27126359394741
1939,0.390358394719056,0.00000138,0.000000538,52.567,160.639,5.11,-6.26902031397262
2262,2.1866584135158,0.000000247,0.00000054,55.078,162.545,5.2,-6.26758972360839
1401,0.00804328474180957,0.0000672,0.000000541,52.984,159.623,5.1,-6.2671741734675
2270,1.83260636429304,0.000000296,0.000000542,53.706,161.605,4.855,-6.26610246690518
180,0.0647515373835732,0.00000845,0.000000547,55.3407,162.5429,5.195,-6.26171939417507
1548,0.0801574559026668,0.00000691,0.000000554,51.612,159.253,4.77,-6.25686058794305
2211,0.0773452795171873,0.00000718,0.000000556,52.853,160.32,5.11,-6.25522359822001
1089,4.72580976458621,0.000000118,0.000000557,52.26,160.22,5.28,-6.25442413214625
376,0.316302165793452,0.00000176,0.000000557,54.1121,161.8644,5.195,-6.25423642834217
250,2.43234095012168,0.00000023,0.000000559,52.7356,161.0545,4.855,-6.2525023646338
1136,1.38084786383394,0.000000409,0.000000564,50.005,157.528,5.025,-6.24838325998814
2318,1.10184069886585,0.000000516,0.000000569,53.985,161.861,4.77,-6.24496647793231
2373,3.87439095618601,0.000000148,0.000000572,53.839,161.821,4.855,-6.24275594588224
357,0.525538729415699,0.00000109,0.000000575,52.3217,160.0393,5.025,-6.24069845634308
300,0.0582898566666781,0.00000993,0.000000579,55.272,160.4132,4.855,-6.23745996153895
2649,3.1100276324639,0.000000187,0.000000581,51.543,159.747,5.2,-6.23551261610919
785,5.67094223608334,0.000000104,0.000000591,53.605,158.8024,4.855,-6.22814897096759
2464,71.8862830971095,0.0000000083,0.000000596,53.962,161.986,5.025,-6.22447592577757
400,7.55206048723721,0.0000000808,0.00000061,52.1149,159.8874,4.77,-6.21434808131292
63,0.0311396509722017,0.0000197,0.000000614,52.8825,160.1271,5.5,-6.21216205933101
2644,0.147304624202558,0.00000418,0.000000616,51.586,159.448,4.94,-6.21057498352555
484,1.55422806194982,0.000000414,0.000000643,55.7268,164.2776,5.195,-6.19150171076485
2271,0.0169890724743453,0.0000381,0.000000647,54.068,161.624,4.94,-6.18913012498431
49,0.0409032998694406,0.0000159,0.000000649,52.7945,161.0424,5.3,-6.18764087057672
315,0.0681459173505957,0.00000955,0.000000651,54.8741,163.221,5.1,-6.18633866154793
179,0.110787769297407,0.00000594,0.000000658,55.6603,162.566,4.855,-6.18146438688103
62,2.39262153956074,0.000000278,0.000000666,53.0001,159.7752,4.94,-6.17663132557535
1135,0.556559001611533,0.0000012,0.000000668,50.12,157.516,4.94,-6.17494799731226
59,1.31848362901628,0.000000511,0.000000674,53.0948,159.8046,4.77,-6.17159498475511
305,0.867567830412698,0.000000788,0.000000683,54.8051,163.3009,5.11,-6.16530354151244
1119,1.22905662269437,0.000000558,0.000000686,52.246,160.303,4.94,-6.16391090605677
655,0.310422770495106,0.00000223,0.000000693,53.8359,160.4396,5.195,-6.15956058554685
1989,2.09297717680719,0.000000333,0.000000697,52.164,160.043,4.94,-6.15672525327995
1481,1.46836193797818,0.000000487,0.000000716,51.837,159.058,4.855,-6.14528310292673
2225,0.41484141074945,0.00000175,0.000000726,53.947,161.723,5.11,-6.13903739814972
1431,0.426925379609566,0.0000017,0.000000727,51.624,159.283,5.365,-6.13869590786588
2634,0.010023723999934,0.0000726,0.000000728,51.494,159.442,5.8,-6.13773785702472
1020,6.05930079141186,0.000000124,0.000000749,52.324,160.537,4.94,-6.12564471539397
1965,0.000048,0.0157044659957361,0.000000754,52.99,159.794,5.6,-6.12274065461607
2331,0.614773181521793,0.00000123,0.000000755,53.862,161.489,4.77,-6.12198878903237
2340,4.46386665934303,0.000000169,0.000000757,54.93,162.726,5.025,-6.12112352658582
2676,0.338684222184974,0.00000226,0.000000764,51.398,159.239,6.2,-6.11681280102045
2334,0.466243229043332,0.00000166,0.000000774,54.961,162.54,4.77,-6.11105911118148
2324,0.235648975839234,0.00000329,0.000000776,54.411,162.345,4.855,-6.11012484336527
2668,0.058290777320771,0.0000136,0.000000791,51.401,159.293,4.77,-6.10195129540854
1227,0.564040380901976,0.0000014,0.000000792,56.326,162.792,4.855,-6.10148114411488
398,0.813024376478319,0.000000977,0.000000794,52.1493,159.6331,4.94,-6.09995128973031
1741,0.166635350521003,0.00000477,0.000000795,54.678,162.809,4.94,-6.09940997814987
385,0.369979787601572,0.00000215,0.000000797,52.1675,160.621,5.28,-6.09842511758407
55,1.81568263529008,0.00000044,0.000000799,52.6734,160.3747,4.94,-6.09721103354532
1961,0.00353976085637022,0.00022604034352407,0.0000008,52.924,159.756,5.28,-6.09684011895369
1134,0.618648172839545,0.0000013,0.000000801,50.099,157.148,6.1,-6.09611883183766
44,0.86198109842202,0.00000093,0.000000802,52.807,160.8245,4.8,-6.09600221887136
1144,0.0565615508964828,0.0000142,0.000000802,50.697,160.181,4.94,-6.09573798438908
1719,0.278423069791143,0.0000029,0.000000806,55.922,163.282,4.77,-6.09340896639982
50,0.0238058557513157,0.0000342,0.000000815,52.7736,160.8294,5.025,-6.08896149129236
1947,1.49890318166024,0.00000055,0.000000825,52.6,160.56,5.11,-6.08363840051615
189,0.634329641092182,0.0000013,0.000000825,52.2119,159.6515,5,-6.08342483772998
1879,0.474792944924924,0.00000175,0.00000083,53.601,161.702,4.77,-6.08095173934925
2377,4.32711064935307,0.000000193,0.000000836,54.971,162.08,5.3,-6.07775558767078
409,0.0912985899083252,0.00000921,0.000000841,58.9182,158.9489,4.77,-6.07542158255768
2392,46.7868994992059,0.0000000181,0.000000848,53.965,161.416,4.855,-6.07154768427641
553,0.345463665216154,0.00000247,0.000000854,55.3997,164.2619,5.195,-6.06849043641408
2395,7.05994446206306,0.000000122,0.000000862,53.967,161.559,4.855,-6.06457113004348
1115,0.0663070164217878,0.0000131,0.000000868,52.178,160.646,4.77,-6.06145100689555
2216,0.735765572119948,0.0000012,0.000000881,54.058,161.685,5.11,-6.05493302131213
2294,0.103578568661861,0.00000867,0.000000899,54.322,162.454,4.855,-6.04648005767741
2298,1.82927756350866,0.000000495,0.000000905,53.693,161.909,5.6,-6.04322703072277
2675,0.422932856294331,0.00000215,0.000000908,51.398,159.239,6.2,-6.04211358079777
2275,0.696734044981656,0.00000131,0.000000911,53.971,161.904,5.3,-6.04024699538807
2650,0.219802963420533,0.00000416,0.000000914,51.538,159.392,5.4,-6.03911938984041
2387,2.23560154097487,0.00000041,0.000000917,54.511,162.102,4.94,-6.03743753071101
2615,0.0417421511285152,0.0000228,0.000000952,51.867,159.775,4.94,-6.02123330711856
1868,0.16863943239566,0.00000571,0.000000964,51.988,157.232,5.025,-6.01614077518193
1010,7.59575298169638,0.000000127,0.000000966,52.332,159.968,5.195,-6.01485245907585
356,1.10521531137027,0.000000883,0.000000976,52.3217,160.0393,5.025,-6.0104367659311
2344,4.57318960482956,0.000000214,0.000000978,53.699,162.043,4.77,-6.0096183168806
2708,2.51752954425815,0.000000396,0.000000998,54.083,159.313,4.855,-6.00093331227851
2745,0.15231613019696,0.0000066,0.00000101,53.145,159.949,5.195,-5.9974621856663
564,1.0604672472662,0.000000958,0.00000102,55.1799,164.4539,5.025,-5.99313920840633
2478,77.1783884400186,0.0000000132,0.00000102,53.857,161.618,5.11,-5.99172781191983
1912,0.165316450308465,0.00000618,0.00000102,52.164,159.757,4.77,-5.99080783181524
2364,3.1290611551886,0.000000334,0.00000104,53.972,161.909,6.1,-5.98105220485341
1662,0.585862274802481,0.00000181,0.00000106,53.547,161.743,4.855,-5.97470474473641
996,0.607324558171882,0.00000175,0.00000106,52.167,160.521,4.94,-5.97397952643496
1811,0.33618878324661,0.00000326,0.0000011,52.415,160.357,5.025,-5.95995778550925
846,0.079771412765294,0.0000138,0.0000011,52.7969,160.6212,5.025,-5.95731119923669
32,0.0127810796369548,0.0000881,0.00000113,53.0161,160.2468,5.9,-5.94850011708837
229,0.0405881593846322,0.0000278,0.00000113,51.072,158.0468,4.77,-5.94678788821833
2554,0.154094534690193,0.00000737,0.00000114,51.472,159.356,5.025,-5.94479380380189
1274,0.267557971640227,0.0000043,0.00000115,52.836,160.694,5.11,-5.9386983695104
2266,1.06518253046765,0.00000108,0.00000115,54.948,163.19,5.025,-5.93829479320806
2295,22.6935691582028,0.0000000509,0.00000116,54.365,162.42,4.94,-5.9370613282404
184,0.0210060668417622,0.0000566,0.00000119,55.6603,162.566,4.855,-5.924466122656
531,0.97216621829677,0.00000123,0.0000012,53.3639,161.6166,4.77,-5.92144110901356
338,0.71216909381828,0.00000168,0.0000012,52.2729,159.763,4.855,-5.92117629200007
178,0.0723769342460698,0.0000166,0.0000012,55.6431,162.6371,5.025,-5.91948133158253
2258,0.0350535417090347,0.0000344,0.0000012,54.731,161.561,4.94,-5.91911869359833
1196,0.123704653565266,0.00000976,0.00000121,52.787,160.699,4.855,-5.91803531357569
971,0.165780223171383,0.0000074,0.00000123,52.044,160.336,5.365,-5.91134621789228
1282,0.257190975187872,0.00000479,0.00000123,55.846,162.188,5.025,-5.90982010999991
557,0.0136219464577548,0.0000904,0.00000123,54.5791,164.1577,4.855,-5.90974993085009
2240,5.32649215222342,0.000000232,0.00000123,54.957,161.771,4.855,-5.90861415786891
1207,0.255963987555631,0.00000488,0.00000125,54.869,162.603,4.855,-5.90379811250492
1700,0.0000419,0.0301516866523333,0.00000126,52.346,160.077,4.94,-5.89851724379776
205,0.320922132476596,0.00000399,0.00000128,51.7942,160.1661,5.11,-5.89310223514701
2423,74.1475465229757,0.0000000175,0.0000013,53.748,161.732,5.025,-5.88724215834025
993,8.89147511870168,0.000000146,0.0000013,52.495,160.013,5.195,-5.8859509521251
1007,5.55639915006139,0.000000235,0.0000013,52.335,159.671,5.11,-5.88443368609293
2707,0.563821009592265,0.00000232,0.00000131,54.01,159.442,4.77,-5.88416732363614
2233,0.0141864867396448,0.0000924,0.00000131,53.922,161.776,5.2,-5.88239604447482
2292,0.62104684175788,0.00000213,0.00000132,53.853,161.778,5.6,-5.87922557234041
1817,0.167995941661723,0.0000079,0.00000133,52.415,160.357,5.025,-5.87715450052671
2259,0.0646284921323384,0.0000211,0.00000137,54.449,162.364,4.855,-5.86457679249017
990,1.73517694139516,0.000000803,0.00000139,52.228,160.257,5.3,-5.85604861989927
1008,3.8055981282289,0.000000366,0.00000139,52.082,160.18,4.855,-5.85598704839378
153,0.67601789874724,0.00000207,0.0000014,51.5374,159.8042,4.855,-5.85360779569264
1138,0.086471337417542,0.0000163,0.00000141,50.099,157.148,6.1,-5.85198191824861
1279,0.00281185306568418,0.000505223148892408,0.00000142,55.862,162.098,5.11,-5.84752413592092
1619,0.220462489926146,0.00000663,0.00000146,53.927,161.655,4.855,-5.83490634465777
1877,0.25185344557541,0.00000581,0.00000146,53.492,161.717,4.77,-5.83458171716523
720,0.00150167281454182,0.000980657067177075,0.00000147,53.3731,160.4252,5.195,-5.83190751893571
579,0.971097425657081,0.00000152,0.00000147,54.9248,164.421,4.77,-5.83123079745088
308,0.286473602010798,0.00000517,0.00000148,54.7438,163.067,4.77,-5.82957318240839
2330,10.2873656537654,0.000000144,0.00000149,53.927,161.519,4.77,-5.82826593900949
966,0.000242561589417531,0.00614399183424452,0.00000149,52.8256,160.5621,4.77,-5.82672734044667
1403,1.76904832607996,0.000000844,0.00000149,54.049,154.116,4.855,-5.82569183934143
1329,0.0115210583932254,0.000134352102209738,0.00000155,57.345,162.177,4.855,-5.81026315595964
2249,0.0099992999063712,0.000155755602547201,0.00000156,54.059,161.601,5.025,-5.80758672850897
2078,0.0224291444894275,0.0000708,0.00000159,51.207,157.61,5.6,-5.79890331573533
1147,0.0973011892810884,0.0000164,0.00000159,50.892,157.218,5.8,-5.79748804828385
1897,0.66882231999114,0.00000241,0.00000161,52.289,160.099,4.855,-5.79300739070622
2289,1.39209656567744,0.00000117,0.00000163,53.853,161.778,5.6,-5.78789056358045
1478,0.446525611604158,0.00000367,0.00000164,54.734,164.043,4.77,-5.78592550201522
560,0.00274109302281675,0.000606473991910153,0.00000166,55.1719,164.4589,5.025,-5.77926404454616
1896,0.173375970030664,0.00000962,0.00000167,52.276,160.213,5.11,-5.77764707587441
1595,0.024220409693218,0.0000693,0.00000168,53.563,160.251,4.77,-5.77515576393879
2254,0.704165050736655,0.0000024,0.00000169,53.6,161.276,5.025,-5.77209561688418
533,0.135448748483204,0.0000125,0.00000169,53.5379,161.4733,4.855,-5.77155372805941
430,4.27775002850279,0.000000406,0.00000174,52.5647,160.4512,4.94,-5.7605932640549
1055,22.5577450056104,0.0000000773,0.00000174,52.285,160.495,5.11,-5.75859718504581
1195,0.67702532101507,0.0000026,0.00000176,52.787,160.699,4.855,-5.7552145496204
2699,0.0200879982395898,0.0000884,0.00000178,53.991,159.264,5.195,-5.75050046814213
836,27.5650085128256,0.0000000648,0.00000179,53.6632,161.662,5.195,-5.74783893560554
1806,0.728265658686505,0.00000248,0.0000018,52.097,160.828,5.025,-5.74394750958642
2325,14.6797999260085,0.000000123,0.00000181,54.426,162.465,4.77,-5.74272217726233
1551,1.06260518152184,0.00000172,0.00000183,52.004,158.358,5.11,-5.73812270957079
711,0.359192423822593,0.00000512,0.00000184,57.0459,162.8177,5.28,-5.73554672392177
2226,9.47786610348746,0.000000199,0.00000189,54.048,161.796,4.77,-5.7238404336444
1281,0.12970312730204,0.0000147,0.00000191,55.861,162.082,5.11,-5.71939494721018
182,0.203693686877059,0.00000955,0.00000195,55.6035,162.576,4.855,-5.71084183649395
1926,0.0513553472755195,0.0000383,0.00000197,53.577,160.451,4.855,-5.70645069379261
2620,0.219353452575371,0.00000898,0.00000197,56.25,164.536,4.77,-5.70557038681733
712,0.230968224758188,0.00000859,0.00000198,56.7507,162.7188,5.45,-5.70241708909172
141,0.0896491446363782,0.0000222,0.00000199,52.247,159.53,5.1,-5.70192202944661
2235,0.998553352016962,0.00000201,0.00000201,53.894,161.789,5.195,-5.697783424361
1171,0.400095526079069,0.00000508,0.00000203,51.81,159.519,5.365,-5.69175350715091
61,1.41363428220434,0.00000145,0.00000205,53.0768,159.5293,4.77,-5.68896403666832
2286,7.39112258087918,0.000000278,0.00000206,53.853,161.778,5.6,-5.68648767382044
995,0.359906293907258,0.00000574,0.00000207,52.141,160.666,4.94,-5.6848171980189
2671,0.199777453617808,0.0000103,0.00000207,51.935,158.016,5.11,-5.68455142895411
2643,0.681118412223817,0.00000306,0.00000208,51.586,159.448,4.94,-5.68134252907705
397,3.03123728754029,0.00000069,0.00000209,52.1493,159.6331,4.94,-5.67924263952097
2319,7.21567849712028,0.000000291,0.0000021,53.85,161.96,5.28,-5.677619057054
1681,0.000328995324587248,0.00653145264245119,0.00000215,53.924,159.366,4.855,-5.66780049158323
2293,0.724091686141287,0.00000301,0.00000218,53.878,161.328,5.28,-5.66140731758324
2654,32.3103618021116,0.0000000684,0.00000221,51.49,159.492,5.195,-5.65561372195474
1298,9.41723382574253,0.000000236,0.00000222,51.733,159.165,5.4,-5.65371384012485
476,0.11506526103484,0.0000193,0.00000223,56.1595,163.9419,5.195,-5.65239558702212
1990,0.556651467955784,0.000004,0.00000223,52.078,160.379,4.855,-5.65215810898135
2723,1.53900840872949,0.00000145,0.00000223,53.826,159.586,6.64,-5.65156501668144
38,0.350859594786748,0.00000637,0.00000223,52.8552,160.88,4.855,-5.65105119130183
1111,0.392855582475676,0.00000577,0.00000227,52.786,159.003,5.365,-5.64432378916063
28,0.0295734097578514,0.0000773,0.00000229,52.7741,160.5177,5.195,-5.64107890204521
24,0.589276258972131,0.00000392,0.00000231,52.7959,160.2562,4.77,-5.63693556160894
314,0.620916837703483,0.00000379,0.00000235,54.9421,162.7549,4.94,-5.62824609531009
2006,0.00158440768340928,0.00148598972823383,0.00000235,53.813,160.774,5.9,-5.62811725278512
2112,2.28209328534189,0.00000103,0.00000236,52.056,159.52,6.9,-5.62749477765099
1432,24.0809928986525,0.0000000986,0.00000237,51.739,159.189,5.2,-5.62441157262578
1268,0.0964473296371449,0.0000249,0.00000241,52.834,160.684,4.855,-5.61872002595839
23,0.796200388348086,0.00000304,0.00000242,52.7741,160.5177,5.195,-5.61573688855061
485,1.19936974742163,0.00000202,0.00000243,56.4047,163.7314,4.77,-5.61482037962853
1891,0.949541784151945,0.0000026,0.00000247,52.276,160.213,5.11,-5.60792362963023
2297,48.9620684019641,0.0000000505,0.00000247,53.783,161.432,4.855,-5.60696589446215
48,1.60431883524854,0.00000155,0.00000248,52.7361,160.9233,5.025,-5.60533718185837
2223,10.1346136864567,0.000000248,0.00000251,53.947,161.723,5.11,-5.59982662434433
1808,6.53935296877418,0.000000394,0.00000258,51.993,160.575,5,-5.58890800994276
416,0.13138516786728,0.00002,0.00000263,55.7431,162.2136,4.77,-5.5795561725305
212,0.441399541834629,0.00000607,0.00000268,51.1594,160.9103,5.28,-5.57217524233229
47,0.238160066736743,0.0000114,0.00000272,52.7945,161.0424,5.3,-5.56539543400959
2229,0.228567077827785,0.0000119,0.00000272,54.579,161.529,4.855,-5.56519938730364
1002,0.324748729073328,0.0000084,0.00000273,52.485,160.63,4.77,-5.56430227334866
394,0.218599030659051,0.0000127,0.00000277,58.8592,158.7873,4.77,-5.55747422494698
771,0.264727106653912,0.0000106,0.00000279,54.2869,162.9554,5.025,-5.55373976703363
999,0.0916787502732545,0.0000305,0.0000028,52.228,160.257,5.3,-5.55306353823038
2220,0.0635533065961951,0.000045,0.00000286,53.922,161.776,5.2,-5.54349010790132
2576,0.00135394554838321,0.00212114261526282,0.00000287,55.233,161.952,5.195,-5.54182893198054
313,0.395902299435894,0.00000743,0.00000294,54.8741,163.221,5.1,-5.53150081686458
52,0.774462471436719,0.0000038,0.00000294,52.7874,160.4892,4.855,-5.53140897118747
2640,0.427572620555769,0.00000689,0.00000295,51.779,159.428,4.855,-5.53053479681145
774,0.0382417494293366,0.0000774,0.00000296,54.0207,158.5667,4.77,-5.52854154422299
5,0.195468996412469,0.0000152,0.00000296,53.9198,160.4762,5,-5.52850902767273
2018,0.00039185431091238,0.00758045192517458,0.00000297,53.544,160.385,4.94,-5.52718027324313
2705,0.384979704035129,0.00000777,0.00000299,53.94,159.605,4.77,-5.52437692716784
572,0.0432094841274772,0.0000725,0.00000313,54.7925,164.4255,4.855,-5.50424794897854
1704,2.28555011337554,0.00000139,0.00000317,55.297,162.388,4.855,-5.49940179451971
1468,40.5042119815083,0.0000000784,0.00000317,55.099,160.362,4.77,-5.49828547714944
299,0.149681909544479,0.0000217,0.00000325,54.869,163.304,5,-5.48763516924688
754,0.00568815641171494,0.000579450361575562,0.0000033,56.0458,162.4303,4.855,-5.48201223177758
196,0.00209446230077297,0.00158328457552274,0.00000332,51.4205,159.8541,4.855,-5.47936847144778
1541,0.533602312325965,0.00000626,0.00000334,52.49,160.359,5.1,-5.47639700451868
483,12.8796325885937,0.000000259,0.00000334,56.23,164.5633,4.855,-5.47615042719297
1793,2.41620390941373,0.00000141,0.00000342,51.641,159.432,4.855,-5.46623708422239
128,0.0540483248487082,0.0000634,0.00000343,55.3229,163.0302,5.11,-5.4652652108995
470,7.42290887682353,0.000000463,0.00000344,56.1496,164.2282,5.195,-5.46398440529086
2605,0.0147334563865186,0.000233412655391404,0.00000344,53.417,160.388,5.4,-5.46357095880403
51,1.63611354903359,0.00000211,0.00000345,52.7914,160.8003,4.855,-5.46280375836512
2580,0.0273851191479913,0.000126504529748302,0.00000346,54.841,162.035,7.8,-5.46037928861488
2255,0.431096073152658,0.00000811,0.0000035,54.386,162.463,4.94,-5.45639345640051
2323,0.0043505587210683,0.000809830988186127,0.00000352,54.684,161.663,4.77,-5.45306057410794
2628,7.97491926986536,0.000000442,0.00000353,51.814,159.448,5.025,-5.45254454766719
2309,16.6217952190331,0.000000213,0.00000355,53.957,161.61,5.365,-5.45005150047102
2646,1.31240138685672,0.00000271,0.00000355,51.538,159.392,5.4,-5.44973503667755
835,0.448124745768678,0.00000797,0.00000357,53.587,161.7672,4.855,-5.44727351671818
1818,0.458368224532797,0.00000782,0.00000358,52.35,160.334,4.94,-5.44575510620779
1355,0.00021469816514379,0.016933734498268,0.00000364,52.1249,157.4969,5.28,-5.43941892087636
1350,0.000396240551407354,0.00919533322329099,0.00000364,53.7905,160.4652,5.28,-5.43847360870686
268,0.522294410882745,0.00000699,0.00000365,52.3872,160.623,5.195,-5.43767167370929
489,2.67578740980402,0.00000137,0.00000367,56.1821,164.0881,6.3,-5.43522599536605
512,7.39889620988149,0.000000512,0.00000379,50.0396,156.2166,4.77,-5.42126597915798
1296,0.0457879814851135,0.0000837,0.00000383,55.123,160.378,5.1,-5.41634950226923
2635,0.0523502645738588,0.0000734,0.00000384,51.814,159.448,5.025,-5.41547496414286
2123,0.0716743476814993,0.0000545,0.00000391,52.056,159.52,6.9,-5.40821917431648
559,0.8071155240857,0.00000484,0.00000391,54.5956,164.1659,4.855,-5.40812388435684
745,0.507656640062704,0.0000077,0.00000391,54.8473,163.6719,4.77,-5.40782294122398
528,0.477396402962895,0.00000825,0.00000394,53.4373,161.4133,4.94,-5.40449754318803
1846,0.0188470363172467,0.000209461981596533,0.00000395,55.764,160.831,4.855,-5.40365172475894
1856,0.0152690778796274,0.000260608379949632,0.00000398,52.379,159.894,4.855,-5.40019881330043
181,0.150534647083171,0.0000267,0.00000402,55.6603,162.566,4.855,-5.39544485411932
2242,0.145219517347673,0.0000278,0.00000403,53.939,161.798,4.94,-5.39440988734782
1878,1.45765631218868,0.00000282,0.00000411,53.427,161.762,4.855,-5.38656218115123
2070,0.000431743253769072,0.00954415179499348,0.00000412,52.231,159.65,5.4,-5.38503710184756
911,2.51859306831048,0.00000165,0.00000417,52.1503,159.8403,4.77,-5.38015315385557
134,0.101452817469244,0.0000411,0.00000417,55.4013,162.954,4.94,-5.37959272428993
2215,0.143834078086362,0.000029,0.00000418,54.113,161.701,4.855,-5.37928571273697
1161,4.89183595001449,0.000000854,0.00000418,55.871,160.04,4.77,-5.37882006444158
773,0.000982185662280006,0.00425922880654289,0.00000418,53.2216,159.7688,5.025,-5.37847543881027
410,0.561155605793473,0.00000769,0.00000431,58.9241,158.7878,5.365,-5.3650400269052
969,0.693713779238259,0.00000624,0.00000433,52.25,159.698,5.195,-5.36363694342017
68,7.06600046506303,0.000000619,0.00000438,52.9308,160.1331,7,-5.35884245659136
43,6.42454420500549,0.000000685,0.0000044,52.807,160.8245,4.8,-5.35643823543765
25,3.23025871462232,0.00000139,0.0000045,52.7855,160.0792,4.77,-5.34718923164728
834,0.0694096127938766,0.0000651,0.00000452,53.5487,161.744,4.94,-5.34526818286438
2272,1.23698416609519,0.00000366,0.00000453,53.706,161.605,4.855,-5.34429696042314
1003,3.78142405720039,0.00000121,0.00000456,52.482,160.761,4.94,-5.34106780184311
1131,0.406004954883493,0.0000113,0.00000459,50.005,157.408,5.365,-5.33799625176406
2182,7.08875565598409,0.000000649,0.0000046,54.55,161.799,4.94,-5.33690424042867
1661,0.000135868942973551,0.0341254306850983,0.00000464,53.5487,161.744,4.94,-5.33380166212504
2591,3.41964751912183,0.00000136,0.00000466,53.047,159.938,4.855,-5.33182271080632
139,0.347335503470334,0.0000135,0.00000467,55.361,163.0409,5.28,-5.33026358430997
1130,0.813772206500871,0.0000058,0.00000472,50.005,157.408,5.365,-5.32615297335085
738,0.000548070980359564,0.00868928370118298,0.00000476,54.4679,164.2886,4.77,-5.32217921567013
2743,0.0342651672727975,0.000140473359708829,0.00000481,52.575,159.026,4.855,-5.3175531741492
2214,14.3143544511377,0.000000341,0.00000487,52.679,160.522,4.94,-5.31207560028345
1870,0.00233899240391104,0.00211728329046409,0.00000495,55.585,162.378,5.195,-5.30519221850872
2642,0.2431938822042,0.0000208,0.00000506,51.632,159.531,4.77,-5.29597582871381
578,2.5357433863906,0.00000202,0.00000512,55.2636,164.4617,5.5,-5.29090927185203
2273,2.3160343160709,0.00000225,0.0000052,53.863,161.527,5.025,-5.28397001685715
1314,0.00938273721572378,0.000554821930175735,0.00000521,53.481,160.269,5.025,-5.28351682799336
420,0.68013887172017,0.00000774,0.00000527,55.7415,162.1828,5.2,-5.27841631350082
1768,0.0151283920794383,0.000349683896721081,0.00000529,52.408,159.537,4.77,-5.27653159540385
1895,37.8242892431276,0.00000014,0.0000053,53.813,160.774,5.9,-5.27558370222161
471,0.349964503674863,0.0000153,0.00000534,56.1632,164.1414,5.28,-5.27209076237974
816,0.109628137185698,0.0000488,0.00000535,56.212,164.3444,4.855,-5.27174087063826
60,1.4096023505287,0.00000387,0.00000545,53.0948,159.8046,4.77,-5.26367036193775
2173,9.97987680747378,0.000000551,0.0000055,52.603,158.48,4.855,-5.25994707689527
2691,0.0035116575312688,0.00160846446509231,0.00000565,53.631,160.475,4.77,-5.24807637385063
983,0.00254345945627629,0.00222698287489124,0.00000566,55.4669,162.9068,4.855,-5.24685830340054
2303,56.6182410741502,0.000000102,0.00000579,54.658,162.882,6.2,-5.23762916903484
688,0.546324896831727,0.0000106,0.0000058,52.809,160.4531,4.77,-5.2364983578681
2552,0.941486774656979,0.00000617,0.00000581,54.42,162.762,4.855,-5.23601566610641
1005,0.888991993278748,0.00000658,0.00000585,52.296,160.25,5.11,-5.23277463717803
944,1.02598083066327,0.00000571,0.00000585,52.5889,160.5673,5.195,-5.23252807334563
988,0.0579245060806023,0.000105587019477576,0.00000612,52.084,160.37,4.94,-5.21352712999188
622,0.0690047825625998,0.0000889,0.00000614,58.7327,158.7709,4.94,-5.21210212115373
473,4.7486395617781,0.00000133,0.00000633,56.1262,163.3822,4.855,-5.19852288458809
556,0.445358293804986,0.0000143,0.00000635,55.3997,164.2619,5.195,-5.19735789115217
1378,0.000861214143989333,0.00741168528610039,0.00000638,52.271,158.947,5.11,-5.19497187614641
2696,0.192218844428545,0.0000333,0.0000064,53.991,159.264,5.195,-5.19392893460776
770,0.277548301526771,0.0000232,0.00000644,54.2076,163.0568,5.28,-5.19136172299454
574,0.456625735624334,0.0000142,0.00000647,54.607,164.1742,5.3,-5.18924661711764
1511,0.538996489880757,0.0000121,0.0000065,52.137,157.293,6.4,-5.18712386690108
529,1.73531134791089,0.00000376,0.00000653,53.5379,161.4733,4.855,-5.18526782326374
659,0.00308492422595638,0.0021444849582216,0.00000662,52.9308,160.1331,7,-5.17943249457014
2267,21.7287939558479,0.000000305,0.00000663,54.854,162.949,5.4,-5.17846272803602
575,0.366141020805702,0.0000182,0.00000666,54.7983,164.0607,5.195,-5.17672722811712
2244,9.15559189558677,0.000000728,0.00000667,55.557,163.064,4.94,-5.17617883127175
1263,24.6878355179798,0.000000271,0.00000668,52.983,160.682,5.025,-5.17517577857973
683,2.14998174760383,0.00000313,0.00000672,53.4994,161.3009,4.94,-5.17236215335079
634,0.00481419095520816,0.00139874732282997,0.00000673,55.2976,161.8398,4.77,-5.17173741909189
94,0.00273804265466705,0.00249639422557949,0.00000684,52.8552,160.88,4.855,-5.16524662114019
1764,0.0984678753052959,0.00007,0.0000069,52.491,159.335,4.855,-5.16139867850639
92,0.00499948842272888,0.00139280546704739,0.00000696,52.7945,161.0424,5.3,-5.15718397016689
2760,0.190242104234298,0.0000368,0.00000701,52.171,159.046,5.5,-5.154577413888
1937,0.00303929288197048,0.00231344168642342,0.00000703,52.561,160.647,4.77,-5.15296889007662
502,0.181525684353274,0.0000393,0.00000713,51.5595,159.9174,4.855,-5.14687542530456
499,0.726779648578657,0.00001,0.00000727,51.449,159.8446,4.77,-5.13857508691585
630,0.0877373138063166,0.000084,0.00000737,51.5015,157.9214,5.11,-5.13248581354698
1775,0.0180960690049021,0.000407385585923571,0.00000737,52.458,159.388,4.77,-5.13241009756876
2765,0.00395406743972194,0.00188561026260237,0.00000746,51.494,159.442,5.8,-5.12750399451688
1322,0.0683304273731678,0.00010926715238463,0.00000747,52.449,160.379,5.11,-5.12689623791142
1940,3.39444743523838,0.00000224,0.00000762,52.609,160.478,5.2,-5.11832730098529
2602,0.149401017128925,0.0000514,0.00000767,50.659,157.104,5.11,-5.11504287553657
132,0.0346581844032887,0.000221528337982183,0.00000768,55.3836,162.9908,4.855,-5.11476490267586
431,0.661531627146274,0.0000116,0.0000077,52.5863,160.9758,4.855,-5.11342325888385
555,1.03644131954318,0.00000753,0.0000078,54.6388,164.2604,4.855,-5.10765439755788
2472,34.161471683967,0.000000229,0.00000782,53.752,161.746,6.4,-5.10678137644294
2248,2.4898840949683,0.00000318,0.00000793,54.554,162.029,4.77,-5.10074165234021
2221,33.6026127615017,0.000000236,0.00000794,53.897,161.84,5.025,-5.09991746965401
2277,19.6748607965222,0.000000405,0.00000796,53.537,161.857,5.28,-5.0989625597157
2744,0.00205076921955649,0.00391499173214272,0.00000803,53.151,159.955,4.94,-5.09535236037141
1148,0.291071109075144,0.0000278,0.0000081,50.892,157.218,5.8,-5.09161281314238
481,2.35798443219801,0.00000344,0.0000081,56.2187,164.3027,5.7,-5.0915188376849
1392,20.2099814643208,0.000000404,0.00000816,52.892,160.074,4.855,-5.08822581385044
2274,16.2949751561834,0.000000509,0.00000829,53.971,161.904,5.3,-5.0812004358006
1890,3.84670072677593,0.00000217,0.00000834,52.276,160.213,5.11,-5.07905217458631
1749,0.0480406180166266,0.000174729030382865,0.00000839,55.226,162.659,6.2,-5.0760263473647
984,0.232084588174631,0.0000364,0.00000844,52.213,160.05,5.11,-5.07382003889992
2261,2.41994825795059,0.00000351,0.0000085,54.878,162.844,5.1,-5.07079753806401
31,0.0145768775967225,0.00058913931875546,0.00000859,52.864,160.2654,5.365,-5.06611748478949
2288,104.150211254283,0.0000000838,0.00000873,53.9,161.846,4.9,-5.05914760283997
334,0.0171243463982185,0.000510861229860871,0.00000875,58.7451,158.8651,5.195,-5.0580830510879
852,0.369789716098553,0.000024,0.00000886,55.2049,163.2446,5.6,-5.0524858564384
472,3.07190814900643,0.00000292,0.00000898,56.1595,163.9419,5.195,-5.04671575796292
1472,0.128345097429897,0.0000705,0.00000905,54.961,161.374,4.94,-5.04342268730459
2593,0.00789488672487955,0.00115031659983067,0.00000908,53.433,160.396,5.28,-5.04183670983524
1858,78.5079512734471,0.000000117,0.00000915,50.375,156.562,5.6,-5.03848735179854
2172,12.2930550419844,0.000000746,0.00000917,52.154,159.641,5.7,-5.03783871677028
2597,0.611740375065889,0.000015,0.00000918,54.047,160.005,5.705,-5.03715430727676
1988,16.1521829375481,0.00000057,0.00000921,52.574,159.411,4.77,-5.03567073724308
2253,5.82317699068348,0.00000159,0.00000924,53.932,161.743,5.195,-5.03444984243627
436,0.0478187817479447,0.00019424679308584,0.00000929,55.8248,163.0333,5.11,-5.03204763479948
2264,0.357663437302984,0.000026,0.00000929,53.556,161.493,5.025,-5.03187040772662
1292,15.8029533804857,0.000000592,0.00000936,55.638,162.195,5.195,-5.02863251881825
2120,0.000878065318979261,0.0106854916554711,0.00000938,55.617,161.686,5.7,-5.02767866637474
508,0.00809091735191968,0.00116031955640727,0.00000939,53.8893,160.4227,4.77,-5.02742462304086
1260,0.139580336064046,0.0000675,0.00000942,52.629,160.415,5.025,-5.02615352812348
1931,0.0543888563626118,0.000174855348915449,0.00000951,52.957,159.732,4.94,-5.02181115088108
2055,0.00380760308113803,0.00251514892161286,0.00000958,53.813,160.774,5.9,-5.01878462574954
2578,0.00720875227889914,0.00133432035610096,0.00000962,52.239,159.526,6,-5.0168797867103
1594,0.0158115262675299,0.00061602321335475,0.00000974,53.263,159.699,5.875,-5.01142912830572
88,1.61057941399631,0.0000061,0.00000983,52.3729,159.5752,5.195,-5.00755626722761
629,0.00514765612078825,0.00193601551285397,0.00000997,52.9308,160.1331,7,-5.00148164011192
1328,0.0944442729533227,0.000105941267211204,0.00001,57.345,162.177,4.855,-4.99975920889009
1427,0.883954762333517,0.0000114,0.00001,51.706,159.357,4.77,-4.99853919255469
135,0.161110769185707,0.0000624,0.0000101,55.4013,162.954,4.94,-4.997685840297
2213,1.46398578409194,0.00000688,0.0000101,52.817,160.269,5.11,-4.99706273563955
2697,0.789831342885646,0.0000131,0.0000103,53.958,159.385,5.025,-4.9864133271635
45,0.459623568695627,0.0000225,0.0000103,53.0016,160.3787,6,-4.98586332072478
2159,0.00127431685944025,0.00827547668188487,0.0000105,52.9308,160.1331,7,-4.97692955177383
1504,0.0687616327977926,0.000153594453287466,0.0000106,52.202,157.372,4.94,-4.97627828678011
1903,2.14887397296553,0.00000492,0.0000106,52.561,160.647,4.77,-4.9760583267479
573,4.9539989012437,0.00000214,0.0000106,55.2762,163.1133,4.94,-4.97494721444649
1302,0.175805549305915,0.0000609,0.0000107,55.141,160.172,5.28,-4.97053662177169
2537,4.27698909916662,0.0000025,0.0000107,54.841,162.035,7.8,-4.97044080762769
2756,0.0022843007450219,0.00468738575687091,0.0000107,55.652,162.439,4.94,-4.97031602255464
1059,4.09521883919556,0.00000263,0.0000108,51.476,160.525,4.855,-4.96765852064082
143,0.281305180043607,0.0000388,0.0000109,52.2951,159.5037,5.195,-4.96148484550982
788,2.18834469304725,0.000005,0.0000109,53.9776,158.5463,7.2,-4.96126221974607
2731,0.00380694841676118,0.0028736480077587,0.0000109,53.792,161.596,5.705,-4.96098943727056
2168,0.300749013843044,0.0000366,0.000011,52.245,159.643,4.94,-4.95805611963507
1722,0.00233506636708866,0.00485501801309596,0.0000113,51.94,158.363,5.9,-4.94550992586874
997,1.77746754723817,0.00000638,0.0000113,52.287,160.537,4.94,-4.94524692387178
1362,0.657897913994001,0.0000174,0.0000114,52.84,159.464,4.94,-4.94228304497927
2201,0.00238805267226932,0.00479391295140524,0.0000114,53.813,160.774,5.9,-4.94126595460255
2212,0.469185030681032,0.0000244,0.0000115,54.113,161.701,4.855,-4.94096859531037
1607,2.47612430581478,0.00000464,0.0000115,52.215,160.067,5.025,-4.93980323576678
1887,0.000463788137038285,0.0252661033562181,0.0000117,52.31,160.003,5.28,-4.93114209573808
152,0.0498553471915032,0.000235413588519477,0.0000117,51.5116,159.7468,5.365,-4.93045672744741
1315,0.0814449517302805,0.000144795415373589,0.0000118,52.452,159.872,4.94,-4.92838101864974
1354,0.208701021514838,0.0000567,0.0000118,52.886,159.557,5.195,-4.92665820161139
1236,0.0562906847908533,0.000210932965542152,0.0000119,55.655,162.834,4.855,-4.92541900948475
1807,1.33076031381651,0.00000902,0.000012,52.097,160.828,5.025,-4.92064221300867
1639,0.178527328990423,0.0000675,0.0000121,53.427,159.852,4.77,-4.91899189619386
2049,0.430090364698596,0.0000282,0.0000121,55.201,163.146,5.2,-4.9165912309226
2178,0.342915758915639,0.0000358,0.0000123,52.889,160.067,6.4,-4.91097244913978
779,0.0308338033060578,0.000398826886537172,0.0000123,54.0207,158.5667,4.77,-4.91018847418076
2202,0.000931049741528371,0.0132760609056998,0.0000124,53.143,160.093,5.11,-4.90795787999977
421,159.101293475788,0.0000000777,0.0000124,55.8559,162.3498,4.855,-4.90785486186411
1422,0.1470840471406,0.0000873,0.0000128,54.203,154.322,7.3,-4.89160708410994
2238,1.91836527950434,0.00000674,0.0000129,54.043,161.957,4.77,-4.88849972946142
702,0.053505688999874,0.000241789475828361,0.0000129,56.9802,162.7941,5.365,-4.88816264534472
477,0.595905429922951,0.0000221,0.0000132,56.2144,163.8954,4.77,-4.88076651580529
296,1.34215873310826,0.00000981,0.0000132,54.869,163.304,5,-4.88054725728293
1889,0.000393542244908918,0.033905995491342,0.0000133,52.277,160.218,5.025,-4.87473214140154
1863,22.1686202944527,0.000000603,0.0000134,53.143,160.093,5.11,-4.87421479899134
2741,106.876892437101,0.000000125,0.0000134,53.823,160.439,5.4,-4.87324005204999
1642,0.145042560478277,0.0000932,0.0000135,53.168,160.175,4.855,-4.86911431057588
1480,6.08317345360728,0.00000223,0.0000136,52.038,158.568,4.855,-4.86774513067306
964,0.19645991682491,0.0000691,0.0000136,52.5945,159.8134,4.77,-4.86712548482358
2265,1.54918415971829,0.00000891,0.0000138,54.878,162.844,5.1,-4.85996009541659
887,40.4174265478265,0.000000342,0.0000138,52.4161,158.3332,4.94,-4.85886133659279
1547,0.00287620856959085,0.00487090505104732,0.000014,51.602,159.251,5.28,-4.85356996016636
144,0.293601488106469,0.0000479,0.0000141,52.2951,159.5037,5.195,-4.8515005864122
301,0.760986374260144,0.0000186,0.0000142,54.9093,162.5489,4.855,-4.84831558362844
979,0.0523171846784848,0.000273849935730848,0.0000143,52.044,160.336,5.365,-4.84384299121049
455,43.3092844209674,0.000000331,0.0000143,54.9159,160.7547,5.195,-4.84352219496921
934,2.11752952860941,0.00000679,0.0000144,54.8245,161.9712,5.025,-4.84217257946451
1404,0.349341957112811,0.0000414,0.0000145,52.994,159.642,5.11,-4.83924005497454
545,0.0370134034662676,0.000397879650775834,0.0000147,54.8376,164.6171,4.855,-4.83188925062374
2001,0.00298069574058863,0.00496941045312923,0.0000148,53.653,160.447,4.77,-4.82937748383906
1576,0.251882207372776,0.0000592,0.0000149,55.648,162.292,4.855,-4.82625563147487
1657,0.000250859119978873,0.0596431339272543,0.000015,55.6792,162.4859,4.94,-4.82500965035145
96,3.445746704406,0.00000436,0.000015,51.9532,158.955,5.8,-4.82281563750815
609,8.73778761260738,0.00000172,0.0000151,57.1214,161.8383,4.855,-4.82224245848868
2246,1.78948499942909,0.00000842,0.0000151,53.99,161.848,4.77,-4.8220601838053
956,0.119021954890065,0.000131644904608668,0.0000157,52.2518,160.6398,5.11,-4.8049688667409
571,7.01246418688241,0.00000225,0.0000158,55.3439,164.5099,6.1,-4.80194645161316
709,0.0545936250910674,0.000289205811557649,0.0000158,57.0243,162.7725,4.77,-4.80165105118338
784,14.0250783988594,0.00000114,0.000016,54.1811,158.7115,4.94,-4.79631774828769
435,0.0589407455394663,0.000275240655066781,0.0000162,52.5863,160.9758,4.855,-4.78987179228834
2735,0.062931180429231,0.000259720922085818,0.0000163,54.841,162.035,7.8,-4.78662718583697
2606,0.00127149257334258,0.0129568691819536,0.0000165,55.918,162.117,6.1,-4.78318609818227
864,0.292030979867178,0.0000564,0.0000165,55.484,160.5249,4.855,-4.78311445627313
2101,0.352788251598734,0.0000471,0.0000166,52.94,160.535,4.94,-4.77932588626551
657,0.200823690973735,0.000084,0.0000169,53.8592,160.6039,5.5,-4.77307006171973
1587,1.87328661314777,0.00000903,0.0000169,56.16,164.106,5.2,-4.77184507268389
1128,0.796597591563476,0.0000213,0.0000169,50.158,157.515,5.28,-4.77129927772763
2582,0.128033903125152,0.00013317930605397,0.0000171,54.841,162.035,7.8,-4.76823826717956
2190,0.00585330429477358,0.00292811491871072,0.0000171,53.665,160.544,5.11,-4.76601078037694
839,0.14019595972689,0.000122593152744549,0.0000172,53.5487,161.744,4.94,-4.76479828801837
262,0.0170000322355966,0.00102240948991679,0.0000174,52.7909,160.6865,4.855,-4.7599253831913
982,0.0963808441758764,0.00018090661097416,0.0000174,52.257,160.03,4.855,-4.75855483631822
697,0.00121163227044148,0.0143929823004704,0.0000174,50.6151,157.1732,5.1,-4.75847837692107
1650,0.671588769345763,0.000026,0.0000174,50.638,157.147,4.855,-4.75835791669485
80,0.444839704775806,0.0000392,0.0000175,52.627,158.7722,4.77,-4.75806481086713
2118,0.175520469834382,0.000100553716962178,0.0000176,55.183,162.163,5.025,-4.75327409834618
1526,199.204959887889,0.0000000897,0.0000179,54.332,160.106,4.94,-4.74806971008234
1586,0.387092539121378,0.0000463,0.0000179,56.228,164.204,4.77,-4.74668226602043
1490,0.135286918248919,0.000135107371880964,0.0000183,50.335,155.545,4.855,-4.73806514992861
1004,6.7007803184717,0.00000279,0.0000187,52.752,160.544,4.94,-4.72870305149744
320,3.84845777949231,0.00000486,0.0000187,54.7368,163.1803,6.6,-4.72794437598395
463,0.272751861613241,0.0000701,0.0000191,56.2213,164.3906,4.855,-4.71880783798771
2703,0.946998705778305,0.0000203,0.0000192,53.974,159.296,5.3,-4.71711868931565
1672,0.0353739250079359,0.000548634140925001,0.0000194,52.522,159.355,4.94,-4.71203391941443
526,1.33109029159405,0.0000146,0.0000195,53.598,161.2836,4.94,-4.71099772540257
2048,12.5411515220395,0.00000157,0.0000197,55.201,163.146,5.2,-4.70481634100247
2702,1.3898673956361,0.0000142,0.0000198,53.974,159.296,5.3,-4.70403643631966
1717,0.0404437335936534,0.000496546826018941,0.0000201,55.659,160.036,4.855,-4.6971885488307
1634,0.0105855979501184,0.00190585788423263,0.0000202,55.209,161.859,5.8,-4.69519409180572
2241,3.0354169564669,0.00000666,0.0000202,54.957,161.771,4.855,-4.69441692999076
1653,2.48451818754856,0.00000817,0.0000203,56.045,162.82,4.77,-4.69239134206734
118,6.92584664194629,0.000003,0.0000208,50.6792,156.313,6.1,-4.68204552286262
